mass_bin,event_name,prm_file,param_err_key,matrix_key,ratio_mcmc_over_fisher,mcmc_fractional,fisher_fractional,ot_distance_scaled,ot_constrained,mc_constrained_for_matrix
m-10,126_4_579,126_4_579_sampling.prm,alpha_err,A1,16.839240218737356,0.004594355373577219,0.0002728362630319264,0.9735861586069929,True,True
m-10,126_4_579,126_4_579_sampling.prm,log_q_err,A1,1.8337200807998317,0.00644319346785705,0.003513727932262518,0.826780063065363,True,True
m-10,126_4_579,126_4_579_sampling.prm,log_rho_err,A1,1.116997435162758,0.014091177094617687,0.01261522779823076,0.6463915081728219,True,True
m-10,126_4_579,126_4_579_sampling.prm,log_s_err,A1,47.51634164555699,0.028776386153732188,0.0006056103049428032,0.9136549129526234,True,True
m-10,126_4_579,126_4_579_sampling.prm,log_tE_err,A1,14.363017623785396,0.009304810191693163,0.0006478311477028507,0.9804041257320185,True,True
m-10,126_4_579,126_4_579_sampling.prm,piEE_err,C,8.433156237417801,0.4986628723603618,0.059131226591984776,0.9753545075174876,True,False
m-10,126_4_579,126_4_579_sampling.prm,piEN_err,C,8.485842179025294,1.034029123734957,0.12185344741513075,0.9559011713189621,True,False
m-10,126_4_579,126_4_579_sampling.prm,t0_err,A1,6.703825118510777,1.1125658830236962e-07,1.6595986072960795e-08,0.3703039245483784,True,True
m-10,126_4_579,126_4_579_sampling.prm,u0_err,A1,28.17503634254815,0.03048737856180222,0.0010820706028961571,0.9478082787925218,True,True
m-10,128_2_83,128_2_83_sampling.prm,alpha_err,A1,2.222727124189358,0.012534495745114338,0.005639241816372644,0.970345281430334,True,True
m-10,128_2_83,128_2_83_sampling.prm,log_q_err,A2,0.7955599651504967,0.03215313928057353,0.04041573318045371,0.5901505983356211,True,True
m-10,128_2_83,128_2_83_sampling.prm,log_rho_err,A1,1.0189889388214644,0.03769483025429456,0.03699238413509317,0.5815140603056661,True,True
m-10,128_2_83,128_2_83_sampling.prm,log_s_err,A1,31.048519813578324,0.0309653888536758,0.00099732254676224,0.9765752189156276,True,True
m-10,128_2_83,128_2_83_sampling.prm,log_tE_err,A1,2.3930822562960232,0.01889622565596177,0.007896187273231913,0.9782581673947222,True,True
m-10,128_2_83,128_2_83_sampling.prm,piEE_err,D,2.9729406503686473,3.159924043718437,1.0628950979316063,0.913727306222964,True,False
m-10,128_2_83,128_2_83_sampling.prm,piEN_err,D,0.606275272072909,1.643987014054015,2.711618120978409,0.949837935453113,True,False
m-10,128_2_83,128_2_83_sampling.prm,t0_err,A1,1.386502532041293,1.4773581011388267e-07,1.0655285994781206e-07,0.2854382559184532,True,True
m-10,128_2_83,128_2_83_sampling.prm,u0_err,A1,81.15853926560152,0.03599248635721959,0.0004434836639854946,0.8575979092902043,True,True
m-10,45_5_671,45_5_671_sampling.prm,alpha_err,A2,0.7762634288035787,0.008696193640663097,0.011202632145206382,0.9767669029438398,True,True
m-10,45_5_671,45_5_671_sampling.prm,log_q_err,A1,1.2564635962201502,0.007987314898960653,0.0063569807537513096,0.8848020494080397,True,True
m-10,45_5_671,45_5_671_sampling.prm,log_rho_err,A2,0.9296156740006797,0.004530670307591438,0.004873702578715476,0.9357227071306685,True,True
m-10,45_5_671,45_5_671_sampling.prm,log_s_err,B,0.6957986135202401,0.2707908251999817,0.3891798861598403,0.9805437567185531,True,True
m-10,45_5_671,45_5_671_sampling.prm,log_tE_err,A1,5.167036185870997,0.002304411891660988,0.0004459833081800912,1.0083843927203446,True,True
m-10,45_5_671,45_5_671_sampling.prm,piEE_err,C,11.000301244637669,1.2049256812312532,0.10953569856267527,0.9153167248107449,True,False
m-10,45_5_671,45_5_671_sampling.prm,piEN_err,D,1.2842530529305187,3.4454204883821293,2.68282055512352,0.767814224183503,True,False
m-10,45_5_671,45_5_671_sampling.prm,t0_err,A1,1.0619663497354053,1.5295039057771532e-11,1.4402564696689658e-11,1.017816277050874,True,True
m-10,45_5_671,45_5_671_sampling.prm,u0_err,A1,4.152778591685569,0.007785129767348577,0.0018746797103355022,1.0025473695955702,True,True
m-10,45_5_756,45_5_756_sampling.prm,alpha_err,A1,5.834770717720385,0.014921705464069124,0.00255737649103356,0.958632643652899,True,True
m-10,45_5_756,45_5_756_sampling.prm,log_q_err,A1,3.7055629192389383,0.019002450505451737,0.005128087397138172,0.8710112858085168,True,True
m-10,45_5_756,45_5_756_sampling.prm,log_rho_err,A2,0.24310980806030913,0.03826846573183105,0.15741226582819584,0.8894590482739496,True,True
m-10,45_5_756,45_5_756_sampling.prm,log_s_err,A1,51.80197309098973,0.04579654291977021,0.0008840694704684118,0.9472511383782949,True,True
m-10,45_5_756,45_5_756_sampling.prm,log_tE_err,A1,20.56171435010443,0.0246511765744575,0.0011988872209156187,0.9722137655937373,True,True
m-10,45_5_756,45_5_756_sampling.prm,piEE_err,C,6.977906868155809,2.059878410432122,0.29520004341596023,0.9113284006857049,True,False
m-10,45_5_756,45_5_756_sampling.prm,piEN_err,D,2.8283789262066072,1.2514058009788973,0.44244630356416564,0.9438861801134806,True,False
m-10,45_5_756,45_5_756_sampling.prm,t0_err,A1,4.21301013935514,1.4564484072114123e-07,3.457025639711236e-08,0.38861934612778554,True,True
m-10,45_5_756,45_5_756_sampling.prm,u0_err,A1,43.57466592375619,0.06080529720579465,0.001395427731154322,0.6223759014830896,True,True
m-10,47_1_843,47_1_843_sampling.prm,alpha_err,A1,2.1817213561071056,0.014174126590826397,0.006496763003740133,0.7270485196208454,True,True
m-10,47_1_843,47_1_843_sampling.prm,log_q_err,A1,2.0084147190472064,0.025465486224950075,0.012679396333557507,0.5029794675575878,True,True
m-10,47_1_843,47_1_843_sampling.prm,log_rho_err,A2,0.5987713533044831,0.05057059010273806,0.08445726373456323,0.5172422006769292,True,True
m-10,47_1_843,47_1_843_sampling.prm,log_s_err,A1,6.333008741258802,0.08273852855026063,0.013064647773376485,0.6765222663440742,True,True
m-10,47_1_843,47_1_843_sampling.prm,log_tE_err,A1,6.714796387979629,0.008747668545980154,0.0013027451676181326,0.9796653031855712,True,True
m-10,47_1_843,47_1_843_sampling.prm,piEE_err,C,11.704299516559294,0.4926515105199552,0.0420914989250702,0.9652399862214386,True,False
m-10,47_1_843,47_1_843_sampling.prm,piEN_err,D,0.7093157177291693,0.42611315917811055,0.6007383574443911,0.9712336577081626,True,False
m-10,47_1_843,47_1_843_sampling.prm,t0_err,A1,1.016497449949773,9.871927716592956e-08,9.71170927883857e-08,0.37379806910984653,True,True
m-10,47_1_843,47_1_843_sampling.prm,u0_err,A1,18.52007707223711,0.03735550726490274,0.0020170276354249768,0.9711561347651809,True,True
m-10,595_2_264,595_2_264_sampling.prm,alpha_err,A1,10.204294332394518,0.025336070733833038,0.0024828831772718703,0.9188344510876726,True,True
m-10,595_2_264,595_2_264_sampling.prm,log_q_err,A1,1.3555085956268296,0.006157747417451934,0.00454275792666914,0.944451394298415,True,True
m-10,595_2_264,595_2_264_sampling.prm,log_rho_err,A1,1.5296059968025348,0.0071194524029746485,0.004654435467602143,0.9141619726120739,True,True
m-10,595_2_264,595_2_264_sampling.prm,log_s_err,A1,2.05176607547881,0.005134695961343907,0.0025025737693541157,0.9983770428683523,True,True
m-10,595_2_264,595_2_264_sampling.prm,log_tE_err,A1,3.6382726224462587,0.0025744983902113365,0.0007076155795274973,1.008284316231407,True,True
m-10,595_2_264,595_2_264_sampling.prm,piEE_err,D,65.52836439140376,33.687059423651554,0.5140836298375661,0.21745806648639293,True,False
m-10,595_2_264,595_2_264_sampling.prm,piEN_err,D,4.9326015628517155,19.56412960214485,3.9662902735720085,0.5531779712868764,True,False
m-10,595_2_264,595_2_264_sampling.prm,t0_err,A1,9.054681260966737,1.1557663805942334e-08,1.2764296691221534e-09,1.008550927967447,True,True
m-10,595_2_264,595_2_264_sampling.prm,u0_err,A1,10.010729595558725,0.06455305214985756,0.006448386357223814,0.9797476471488783,True,True
m-10,635_0_836,635_0_836_sampling.prm,alpha_err,A1,1.8046536205457475,0.00807140096038994,0.004472548564720724,0.9805688572260962,True,True
m-10,635_0_836,635_0_836_sampling.prm,log_q_err,A1,1.216197763902769,0.013029400352267614,0.010713225051866872,0.8362620828385008,True,True
m-10,635_0_836,635_0_836_sampling.prm,log_rho_err,A1,2.5211656073170543,0.011340676579554322,0.004498187880494974,0.8229792768573432,True,True
m-10,635_0_836,635_0_836_sampling.prm,log_s_err,A1,5.208244763063162,0.025863609588934702,0.004965897488604847,1.0098669822116988,True,True
m-10,635_0_836,635_0_836_sampling.prm,log_tE_err,A1,2.8239778733623018,0.013142528337936723,0.004653906272391889,0.9867762905809793,True,True
m-10,635_0_836,635_0_836_sampling.prm,piEE_err,C,58.97068128642061,3.492811003914256,0.059229619324722954,0.8430679438270199,True,False
m-10,635_0_836,635_0_836_sampling.prm,piEN_err,D,2.1022824724053333,5.877623398748668,2.7958295214361777,0.7427608622850483,True,False
m-10,635_0_836,635_0_836_sampling.prm,t0_err,A1,2.4541384060046108,5.280798937652818e-08,2.151793446014347e-08,0.7107390429959772,True,True
m-10,635_0_836,635_0_836_sampling.prm,u0_err,A1,12.702361768751627,0.02813171215564207,0.002214683589381569,0.9933514553356432,True,True
m-10,637_2_896,637_2_896_sampling.prm,alpha_err,A2,0.1815365886110277,0.021124989276162243,0.11636766691383654,0.9474568505357186,True,True
m-10,637_2_896,637_2_896_sampling.prm,log_q_err,A2,0.6480334566150524,0.013772328016791572,0.021252495339870496,0.8346050084452878,True,True
m-10,637_2_896,637_2_896_sampling.prm,log_rho_err,A1,1.2843191561938418,0.04982922026678503,0.03879816011968315,0.9164699060930301,True,True
m-10,637_2_896,637_2_896_sampling.prm,log_s_err,A1,1.6159132753816712,0.08126461928240294,0.05029021081790953,0.9137600366334054,True,True
m-10,637_2_896,637_2_896_sampling.prm,log_tE_err,A1,1.244510359189048,0.02301998213585805,0.0184972201845378,0.9683361954258051,True,True
m-10,637_2_896,637_2_896_sampling.prm,piEE_err,C,9.769312718055945,2.0617969025333562,0.21104830626648685,0.7937730570790026,True,False
m-10,637_2_896,637_2_896_sampling.prm,piEN_err,D,0.09450935386837578,1.1127122868733483,11.77356781449416,0.9057002315779548,True,False
m-10,637_2_896,637_2_896_sampling.prm,t0_err,A2,0.18590022140787618,8.78638141446319e-08,4.726396422726869e-07,0.4628174527703691,True,True
m-10,637_2_896,637_2_896_sampling.prm,u0_err,A1,2.377557242901717,0.08062486785860606,0.03391079987634978,0.8567488194064078,True,True
m-10,637_5_542,637_5_542_sampling.prm,alpha_err,A1,1.042815578149395,0.004820045017651875,0.0046221451986799425,0.972219532180795,True,True
m-10,637_5_542,637_5_542_sampling.prm,log_q_err,A2,0.9255077886644315,0.020477776566840165,0.0221259905293622,0.7359321049760594,True,True
m-10,637_5_542,637_5_542_sampling.prm,log_rho_err,A1,1.0266280813096869,0.025799605046048862,0.025130429914926804,0.6599456588023173,True,True
m-10,637_5_542,637_5_542_sampling.prm,log_s_err,A1,52.259780843911464,0.10330557244664614,0.001976770104627826,0.9815218267890348,True,True
m-10,637_5_542,637_5_542_sampling.prm,log_tE_err,A1,1.4424881667290186,0.03379533208634192,0.023428498663511467,0.9350075115402976,True,True
m-10,637_5_542,637_5_542_sampling.prm,piEE_err,D,6.166467139287301,2.190474957099109,0.35522364874748635,0.8838924063712661,True,False
m-10,637_5_542,637_5_542_sampling.prm,piEN_err,D,0.7181139351988719,2.6438162613733414,3.681611136875059,0.8354576733058259,True,False
m-10,637_5_542,637_5_542_sampling.prm,t0_err,A1,1.0765641679425961,3.151875471723191e-08,2.9277172374654528e-08,0.861597342873492,True,True
m-10,637_5_542,637_5_542_sampling.prm,u0_err,A1,22.495500004536424,0.10530176511956443,0.004681014651744988,0.9222243042807009,True,True
m-10,638_0_844,638_0_844_sampling.prm,alpha_err,A1,1.221972715954581,0.002216207872655751,0.0018136312241018354,0.994141864216918,True,True
m-10,638_0_844,638_0_844_sampling.prm,log_q_err,A2,0.6718534218855609,0.008719063194576906,0.012977627129005015,0.9021334798791478,True,True
m-10,638_0_844,638_0_844_sampling.prm,log_rho_err,A2,0.40980443611159306,0.04450751928430076,0.10860672887440632,0.3052347178194199,True,True
m-10,638_0_844,638_0_844_sampling.prm,log_s_err,A1,4.829455198602448,0.1446846501259695,0.02995879331644664,0.976984299642784,True,True
m-10,638_0_844,638_0_844_sampling.prm,log_tE_err,A1,1.1533880236687224,0.0030112442725196476,0.0026107816369910055,0.9908028252083445,True,True
m-10,638_0_844,638_0_844_sampling.prm,piEE_err,C,6.54451539154221,0.7168158830683684,0.10952925315062194,0.9843299777962347,True,False
m-10,638_0_844,638_0_844_sampling.prm,piEN_err,D,1.1535626077415193,1.5301953579902043,1.3264952831524839,0.9546569316416151,True,False
m-10,638_0_844,638_0_844_sampling.prm,t0_err,A1,1.520514208532273,5.985455294995392e-09,3.93646784844783e-09,1.0037927946273988,True,True
m-10,638_0_844,638_0_844_sampling.prm,u0_err,A1,1.211006650375466,0.005281686442946051,0.004361401682896203,1.0055994796650538,True,True
m-10,677_2_978,677_2_978_sampling.prm,alpha_err,A2,0.27247481483278063,0.0006346532777234959,0.0023292181265009253,0.9931432950131053,True,True
m-10,677_2_978,677_2_978_sampling.prm,log_q_err,A2,0.7974661310644899,0.008285242972912832,0.010389460630576693,0.8833935465986646,True,True
m-10,677_2_978,677_2_978_sampling.prm,log_rho_err,A2,0.712241810500055,0.007870007674617804,0.011049628874065092,0.8879897335042564,True,True
m-10,677_2_978,677_2_978_sampling.prm,log_s_err,A2,0.9122931923482102,0.006945191865318629,0.007612894542643635,1.0036216149918347,True,True
m-10,677_2_978,677_2_978_sampling.prm,log_tE_err,A2,0.7838595061835543,0.0014432507239708257,0.0018412109728664354,0.9940266473053253,True,True
m-10,677_2_978,677_2_978_sampling.prm,piEE_err,D,47.86744484745233,43.97166009747815,0.9186130623351723,0.5199068945657068,True,False
m-10,677_2_978,677_2_978_sampling.prm,piEN_err,D,0.4587965065924665,41.93272120821523,91.3972111942488,0.5386034263352194,True,False
m-10,677_2_978,677_2_978_sampling.prm,t0_err,A2,0.6633363271874495,1.2805956452898228e-09,1.9305374857420473e-09,1.0148521931699739,True,True
m-10,677_2_978,677_2_978_sampling.prm,u0_err,A2,0.7131494348021135,0.004763179293169329,0.006679076026318423,0.9908027969805031,True,True
m-10,678_0_75,678_0_75_sampling.prm,alpha_err,A1,16.82466256361141,0.018656142326833436,0.0011088568496573103,0.9602986728122859,True,True
m-10,678_0_75,678_0_75_sampling.prm,log_q_err,A1,1.2202785274279901,0.003326605623632604,0.0027261035483793763,0.9626097112109542,True,True
m-10,678_0_75,678_0_75_sampling.prm,log_rho_err,A1,1.293513076852945,0.0046550331986886006,0.0035987523295969077,0.9356016002093548,True,True
m-10,678_0_75,678_0_75_sampling.prm,log_s_err,A1,5.109573454491979,0.008724300435476945,0.0017074420229358188,1.0013286548266944,True,True
m-10,678_0_75,678_0_75_sampling.prm,log_tE_err,A1,8.335074039261357,0.005427823722508384,0.0006512028203878306,0.9944664238790931,True,True
m-10,678_0_75,678_0_75_sampling.prm,piEE_err,D,18.83439479186044,13.27347980056013,0.7047468181083503,0.49918579213688996,True,False
m-10,678_0_75,678_0_75_sampling.prm,piEN_err,D,9.464600341153066,15.30759760110913,1.6173527723669539,0.46687158906545545,True,False
m-10,678_0_75,678_0_75_sampling.prm,t0_err,A1,9.788963156558827,2.7335072057416396e-08,2.792437934461044e-09,0.8509112654730565,True,True
m-10,678_0_75,678_0_75_sampling.prm,u0_err,A1,36.68239311821112,0.035584586275663965,0.0009700726493222673,0.9797663725471191,True,True
m-10,678_2_654,678_2_654_sampling.prm,alpha_err,A2,0.2969209702418801,0.00709570190696418,0.02389761121009346,0.983584072978542,True,True
m-10,678_2_654,678_2_654_sampling.prm,log_q_err,A2,0.557641934327454,0.010819368673545259,0.01940199975562095,0.8772047734913818,True,True
m-10,678_2_654,678_2_654_sampling.prm,log_rho_err,A2,0.39710810633342597,0.00676749936460517,0.017041957231975866,0.9102679897041506,True,True
m-10,678_2_654,678_2_654_sampling.prm,log_s_err,B,0.7872466402396404,0.27775616097778666,0.35281974768826807,1.0042192012712878,True,True
m-10,678_2_654,678_2_654_sampling.prm,log_tE_err,A1,1.3420978291992496,0.004536094139649689,0.003379853570254344,0.9894651035659371,True,True
m-10,678_2_654,678_2_654_sampling.prm,piEE_err,D,1.5411061359009293,12.620576545709095,8.189297447921144,0.4264704266828868,True,False
m-10,678_2_654,678_2_654_sampling.prm,piEN_err,D,0.10503760188161422,18.231605813666174,173.5721826000431,0.18780603796699122,True,False
m-10,678_2_654,678_2_654_sampling.prm,t0_err,A2,0.5405325438762437,3.30611298390738e-11,6.116399505196718e-11,1.0159970344066815,True,True
m-10,678_2_654,678_2_654_sampling.prm,u0_err,A1,1.4108941959611245,0.010342417678491325,0.007330399195133055,1.005506538710013,True,True
m-10,6_0_464,6_0_464_sampling.prm,alpha_err,A1,1.894714494890667,0.0021296395954780722,0.0011239897099119208,0.9925739185042626,True,True
m-10,6_0_464,6_0_464_sampling.prm,log_q_err,A1,1.052706677892889,0.009262286115153584,0.008798544086082074,0.8428131224300447,True,True
m-10,6_0_464,6_0_464_sampling.prm,log_rho_err,A1,1.458243537046364,0.02055309279383419,0.014094417202399517,0.7725243276094848,True,True
m-10,6_0_464,6_0_464_sampling.prm,log_s_err,A1,4.702357602659769,0.04608378375329719,0.009800144448229771,0.9634088391849347,True,True
m-10,6_0_464,6_0_464_sampling.prm,log_tE_err,A1,2.7958865431508997,0.011192747055385654,0.004003290864146328,0.980102507626675,True,True
m-10,6_0_464,6_0_464_sampling.prm,piEE_err,C,28.403464032162958,1.78114695065561,0.06270879314715662,0.9685446939337174,True,False
m-10,6_0_464,6_0_464_sampling.prm,piEN_err,D,0.22225444573957914,0.3339860359512197,1.5027192587299656,0.9947881979536876,True,False
m-10,6_0_464,6_0_464_sampling.prm,t0_err,A1,1.228538840989222,5.295970930553732e-08,4.3107883559378597e-08,0.7178439851265922,True,True
m-10,6_0_464,6_0_464_sampling.prm,u0_err,A1,5.080162352616384,0.04874975872389663,0.009596102514083932,0.9718249426253128,True,True
m-10,6_2_650,6_2_650_sampling.prm,alpha_err,A2,0.34456162393465745,0.0008899927084009551,0.0025829710756463497,0.9999712478418367,True,True
m-10,6_2_650,6_2_650_sampling.prm,log_q_err,A1,1.0281957708822629,0.012106480296069057,0.011774489488204042,0.8328113171432788,True,True
m-10,6_2_650,6_2_650_sampling.prm,log_rho_err,A1,1.1808340003041364,0.016098815029930786,0.013633427751728324,0.5984831369576397,True,True
m-10,6_2_650,6_2_650_sampling.prm,log_s_err,A1,2.290922651781983,0.014827728259311621,0.006472382752764675,1.0131303139593255,True,True
m-10,6_2_650,6_2_650_sampling.prm,log_tE_err,A1,2.3164533178896423,0.005345964708096496,0.0023078231997210414,1.0062489045325327,True,True
m-10,6_2_650,6_2_650_sampling.prm,piEE_err,D,9.33135522039606,42.644111487049216,4.569980509780575,0.44954781552623035,True,False
m-10,6_2_650,6_2_650_sampling.prm,piEN_err,D,0.5295950846425749,29.998538831114892,56.64429240569894,0.6081650340579053,True,False
m-10,6_2_650,6_2_650_sampling.prm,t0_err,A2,0.8561610292617957,2.529742380769481e-10,2.9547506769266184e-10,1.0149014602311792,True,True
m-10,6_2_650,6_2_650_sampling.prm,u0_err,A2,0.9144160773117408,0.08463779029086624,0.09255938559139278,0.9899074280934794,True,True
m-10,717_0_270,717_0_270_sampling.prm,alpha_err,A1,4.007882986448903,0.014357138772492783,0.0035822250352707053,0.975971420906255,True,True
m-10,717_0_270,717_0_270_sampling.prm,log_q_err,A2,0.9991116243455544,0.008194267809671559,0.008201553870458698,0.916282347021145,True,True
m-10,717_0_270,717_0_270_sampling.prm,log_rho_err,A1,1.4313080067707158,0.01215378135022882,0.008491380815824472,0.8677093428988126,True,True
m-10,717_0_270,717_0_270_sampling.prm,log_s_err,A1,1.0815734604181337,0.2044489149638916,0.18902915284630978,1.0040511776859373,True,True
m-10,717_0_270,717_0_270_sampling.prm,log_tE_err,A1,2.348715104292801,0.0015873997672963209,0.0006758587980274804,0.9983860848889671,True,True
m-10,717_0_270,717_0_270_sampling.prm,piEE_err,C,64.8311202164497,5.5921223638732425,0.08625675979688445,0.7501524654217332,True,False
m-10,717_0_270,717_0_270_sampling.prm,piEN_err,D,3.9789459032064425,2.4364431016422996,0.6123338092329647,0.890242601117935,True,False
m-10,717_0_270,717_0_270_sampling.prm,t0_err,A1,5.853112507865223,6.413021392842747e-10,1.0956600243417731e-10,0.9988368108938565,True,True
m-10,717_0_270,717_0_270_sampling.prm,u0_err,A1,10.304038084060913,0.11155189954623994,0.010826037193980977,1.001338042182808,True,True
m-10,718_3_84,718_3_84_sampling.prm,alpha_err,A1,1.8030428881781575,0.005983418913374283,0.003318511696313607,0.9826563041040661,True,True
m-10,718_3_84,718_3_84_sampling.prm,log_q_err,A2,0.8878891955774652,0.004293039337054032,0.004835107081421264,0.9348077738814206,True,True
m-10,718_3_84,718_3_84_sampling.prm,log_rho_err,A2,0.9091879879271206,0.0058369254544783505,0.006419932436399755,0.9410868625383891,True,True
m-10,718_3_84,718_3_84_sampling.prm,log_s_err,A2,0.762369582067626,0.0057966433713431305,0.007603455735500396,0.9989080314023328,True,True
m-10,718_3_84,718_3_84_sampling.prm,log_tE_err,A1,2.355955979693864,0.0051994578021541315,0.0022069418303943674,0.995735085608248,True,True
m-10,718_3_84,718_3_84_sampling.prm,piEE_err,D,54.112028519141816,21.840884551649687,0.40362346689560163,0.5703922357353484,True,False
m-10,718_3_84,718_3_84_sampling.prm,piEN_err,D,0.08793471818930515,0.9943355482777321,11.30765605158516,0.9855190568315273,True,False
m-10,718_3_84,718_3_84_sampling.prm,t0_err,A1,1.9504095356253977,1.9624676307224403e-08,1.0061823401069335e-08,0.8840955719007373,True,True
m-10,718_3_84,718_3_84_sampling.prm,u0_err,A1,3.4958655693769978,0.0045732650042493205,0.0013081924672132992,0.9999226583950056,True,True
m-10,718_4_210,718_4_210_sampling.prm,alpha_err,A1,5.5460106165828,0.016732769729774555,0.0030170821670883366,0.9495751248791308,True,True
m-10,718_4_210,718_4_210_sampling.prm,log_q_err,A2,0.6343936874437236,0.010006041840530213,0.015772606251568098,0.8584172310168667,True,True
m-10,718_4_210,718_4_210_sampling.prm,log_rho_err,B,0.11593816130171512,0.050018072038214866,0.43142026298009717,0.1291664638040053,True,True
m-10,718_4_210,718_4_210_sampling.prm,log_s_err,A2,0.6997774020469242,0.020739096093226574,0.02963670451855474,1.0018051631744977,True,True
m-10,718_4_210,718_4_210_sampling.prm,log_tE_err,A1,7.8097685857449255,0.004575143226260362,0.000585823149050961,0.9756340611472671,True,True
m-10,718_4_210,718_4_210_sampling.prm,piEE_err,A1,8.927920590132228,0.14521599147431605,0.016265376691949867,0.9920027346480325,True,True
m-10,718_4_210,718_4_210_sampling.prm,piEN_err,C,3.297877437381629,0.587401000649242,0.17811486685072592,0.965151474182451,True,False
m-10,718_4_210,718_4_210_sampling.prm,t0_err,A1,3.267404220308651,5.4334700252212034e-08,1.662931690988615e-08,0.6598484591183577,True,True
m-10,718_4_210,718_4_210_sampling.prm,u0_err,A1,7.641794316200474,0.03617691743922654,0.004734086778877585,0.9897405803654531,True,True
m-10,719_5_751,719_5_751_sampling.prm,alpha_err,A1,2.4658583932045883,0.0027371387070389552,0.0011100145550052513,0.993613291032225,True,True
m-10,719_5_751,719_5_751_sampling.prm,log_q_err,A2,0.8677497688622131,0.004800853022751072,0.00553253160648595,0.9338004894736779,True,True
m-10,719_5_751,719_5_751_sampling.prm,log_rho_err,A2,0.9615735238525926,0.003620254537155843,0.0037649274312910688,0.9487255187820862,True,True
m-10,719_5_751,719_5_751_sampling.prm,log_s_err,A2,0.8028896471812509,0.004382114580264966,0.0054579288643831665,1.013183837065925,True,True
m-10,719_5_751,719_5_751_sampling.prm,log_tE_err,A1,2.740787870259369,0.0026659846700549266,0.0009727074097867475,1.0019731806525496,True,True
m-10,719_5_751,719_5_751_sampling.prm,piEE_err,C,53.36011111276849,14.192921337812141,0.26598372907840384,0.8588079045553949,True,False
m-10,719_5_751,719_5_751_sampling.prm,piEN_err,D,1.3451374236861606,7.905206631834741,5.876876587205217,0.926675757131252,True,False
m-10,719_5_751,719_5_751_sampling.prm,t0_err,A1,2.800907737166365,5.269225971149224e-09,1.8812565302418774e-09,1.018417877788266,True,True
m-10,719_5_751,719_5_751_sampling.prm,u0_err,A1,1.6360646772561027,0.0025818003794499957,0.0015780552048712505,1.003932808376843,True,True
m-10,756_5_398,756_5_398_sampling.prm,alpha_err,A2,0.4672159141271047,0.018613159566015836,0.03983845370676346,0.9598968170545457,True,True
m-10,756_5_398,756_5_398_sampling.prm,log_q_err,A2,0.6629226508371238,0.011159110270964523,0.016833201063311157,0.8674780515452596,True,True
m-10,756_5_398,756_5_398_sampling.prm,log_rho_err,A2,0.8040142228407648,0.011683261042382887,0.014531162149225759,0.7361281002679817,True,True
m-10,756_5_398,756_5_398_sampling.prm,log_s_err,D,0.3820734356471777,0.6398858100349776,1.6747717855629052,0.9756911493966316,True,False
m-10,756_5_398,756_5_398_sampling.prm,log_tE_err,A1,18.91142324454686,0.015444325884960905,0.0008166665028458026,0.9839696770365075,True,True
m-10,756_5_398,756_5_398_sampling.prm,piEE_err,C,13.896939232284128,1.018167166964888,0.07326556948594644,0.8599394506960187,True,False
m-10,756_5_398,756_5_398_sampling.prm,piEN_err,D,5.240806344468081,2.600250207825752,0.4961546061648395,0.6528466077815394,True,False
m-10,756_5_398,756_5_398_sampling.prm,t0_err,A1,1.9956860213168732,3.0190945335954834e-11,1.512810382668965e-11,0.9937429119510841,True,True
m-10,756_5_398,756_5_398_sampling.prm,u0_err,A1,3.3838923046295295,0.057862841064991656,0.01709949249443579,1.0015758068221159,True,True
m-10,757_4_621,757_4_621_sampling.prm,alpha_err,A2,0.7840042414330093,0.0031491245039316773,0.004016718708275968,0.9962385763126993,True,True
m-10,757_4_621,757_4_621_sampling.prm,log_q_err,A2,0.9691404936092534,0.006957795304610663,0.007179346390427443,0.9304891688302787,True,True
m-10,757_4_621,757_4_621_sampling.prm,log_rho_err,A2,0.6637161472385176,0.005145730036185575,0.0077529077115195905,0.9135731520977769,True,True
m-10,757_4_621,757_4_621_sampling.prm,log_s_err,A2,0.7898228436262449,0.12546979171073686,0.15885814486534514,0.9992770239228159,True,True
m-10,757_4_621,757_4_621_sampling.prm,log_tE_err,A1,2.843320624442542,0.0038875622946442437,0.0013672613145436015,0.9895810158251582,True,True
m-10,757_4_621,757_4_621_sampling.prm,piEE_err,D,6.071832625406284,12.13254694569807,1.9981688716075647,0.14390740947258113,True,False
m-10,757_4_621,757_4_621_sampling.prm,piEN_err,D,0.12296370277201839,4.449307921776846,36.183912987933624,0.684076388870551,True,False
m-10,757_4_621,757_4_621_sampling.prm,t0_err,A2,0.39172581784378796,5.921634758737976e-11,1.511678446759769e-10,1.0063796373210856,True,True
m-10,757_4_621,757_4_621_sampling.prm,u0_err,A2,0.6160908027328521,0.011117381474798717,0.018045037233934184,1.0060516415314387,True,True
m-10,85_5_616,85_5_616_sampling.prm,alpha_err,A1,3.0810321064619233,0.007780784883742786,0.002525382603908592,0.978354475269639,True,True
m-10,85_5_616,85_5_616_sampling.prm,log_q_err,A1,1.2666005331795214,0.011145000767017793,0.008799144225086285,0.8158193518917015,True,True
m-10,85_5_616,85_5_616_sampling.prm,log_rho_err,A1,2.359264745575695,0.04157305056796285,0.017621189248016512,0.7386693393003815,True,True
m-10,85_5_616,85_5_616_sampling.prm,log_s_err,A1,2.3687644884529813,0.021711641738132413,0.009165808523375868,0.9907594333626867,True,True
m-10,85_5_616,85_5_616_sampling.prm,log_tE_err,A1,5.557191110043044,0.008177448379072024,0.001471507496708834,0.9807567267791297,True,True
m-10,85_5_616,85_5_616_sampling.prm,piEE_err,C,22.267324131156002,5.7518417190447035,0.2583086178278979,0.7472152280852623,True,False
m-10,85_5_616,85_5_616_sampling.prm,piEN_err,D,0.1756562535796448,0.6502341643250684,3.7017421872216123,0.9765849503705496,True,False
m-10,85_5_616,85_5_616_sampling.prm,t0_err,A1,1.4962140187203348,8.871597553226858e-08,5.929364009578295e-08,0.4915282228892565,True,True
m-10,85_5_616,85_5_616_sampling.prm,u0_err,A1,5.382707424014411,0.03124804660717136,0.005805265667563747,0.9751124871906851,True,True
m-10,85_5_928,85_5_928_sampling.prm,alpha_err,A1,4.458803468617253,0.005109262428156125,0.0011458819533350256,0.9911077115393431,True,True
m-10,85_5_928,85_5_928_sampling.prm,log_q_err,A2,0.8637304884582603,0.008634973735248635,0.00999730106860286,0.8714563436838874,True,True
m-10,85_5_928,85_5_928_sampling.prm,log_rho_err,A1,1.1062190479079843,0.00884403631233772,0.007994832785661245,0.9104832996948936,True,True
m-10,85_5_928,85_5_928_sampling.prm,log_s_err,A1,1.1985718819238436,0.1298781111263805,0.10836071919016775,0.9861767969752366,True,True
m-10,85_5_928,85_5_928_sampling.prm,log_tE_err,A1,6.76149543256505,0.0030779585213629806,0.0004552186054195591,0.9939565200260758,True,True
m-10,85_5_928,85_5_928_sampling.prm,piEE_err,C,196.98116201802156,1.4333616295139529,0.007276643181660266,0.9802590080464381,True,False
m-10,85_5_928,85_5_928_sampling.prm,piEN_err,C,2.305464345369857,0.3494532107443259,0.15157606381818256,1.0028539804726362,True,False
m-10,85_5_928,85_5_928_sampling.prm,t0_err,A1,2.1167849519923627,5.92976276296246e-10,2.8013061777396145e-10,0.998048082427093,True,True
m-10,85_5_928,85_5_928_sampling.prm,u0_err,A1,5.068309449670467,0.009663315706990187,0.0019066151747341472,0.9869260278777064,True,True
m-10,878_0_502,878_0_502_sampling.prm,alpha_err,A1,1.9655132027943862,0.0033741471792301247,0.0017166748991729345,1.0011887860467914,True,True
m-10,878_0_502,878_0_502_sampling.prm,log_q_err,A2,0.8276839069274432,0.01701191313320481,0.02055363525957273,0.7841093124398398,True,True
m-10,878_0_502,878_0_502_sampling.prm,log_rho_err,A2,0.6741356787112776,0.040705121952899374,0.060381201052455764,0.34655162398923345,True,True
m-10,878_0_502,878_0_502_sampling.prm,log_s_err,A1,1.5442891610490674,0.053923548856974236,0.034918038808446246,0.975301745861943,True,True
m-10,878_0_502,878_0_502_sampling.prm,log_tE_err,A2,0.9688617691125919,0.02426906670930989,0.025049049805668997,0.9554149524538115,True,True
m-10,878_0_502,878_0_502_sampling.prm,piEE_err,D,27.456235244226146,13.350217749911161,0.4862362822564546,0.31081283910312363,True,False
m-10,878_0_502,878_0_502_sampling.prm,piEN_err,D,0.11051446153980007,2.293974982960524,20.757238021146986,0.8797644879963766,True,False
m-10,878_0_502,878_0_502_sampling.prm,t0_err,A2,0.6717404506975946,5.762578694480374e-08,8.578579254079464e-08,0.6965270904595744,True,True
m-10,878_0_502,878_0_502_sampling.prm,u0_err,A1,1.6292522534770681,0.05555733237084016,0.03409989598128374,0.9333964776548367,True,True
m-10,87_4_978,87_4_978_sampling.prm,alpha_err,A1,18.29417911174575,0.03567213393503871,0.001949917168578254,0.9046532961769741,True,True
m-10,87_4_978,87_4_978_sampling.prm,log_q_err,A1,1.0725490886014477,0.01402301416671673,0.013074473062116032,0.893172273800757,True,True
m-10,87_4_978,87_4_978_sampling.prm,log_rho_err,A1,1.1447807208240752,0.01865127040409262,0.01629243929847668,0.8655698447400151,True,True
m-10,87_4_978,87_4_978_sampling.prm,log_s_err,A1,3.551487451065714,0.014468373123693262,0.0040738911014177055,0.9889988934353201,True,True
m-10,87_4_978,87_4_978_sampling.prm,log_tE_err,A1,4.673622413817917,0.0072466188758134875,0.0015505358016061187,1.0044750513584766,True,True
m-10,87_4_978,87_4_978_sampling.prm,piEE_err,D,5.761047521113074,3.418578502376173,0.5933952965754533,0.8972334855880095,True,False
m-10,87_4_978,87_4_978_sampling.prm,piEN_err,D,11.873077266762657,12.643041794387832,1.0648496182013911,0.7001829329885773,True,False
m-10,87_4_978,87_4_978_sampling.prm,t0_err,A1,8.026007682288686,9.448768731650872e-08,1.1772688372205088e-08,0.4547251859930612,True,True
m-10,87_4_978,87_4_978_sampling.prm,u0_err,A1,52.285353293264016,0.07036240853232469,0.0013457384162189369,0.8719149054747726,True,True
m-10,87_4_980,87_4_980_sampling.prm,alpha_err,A1,7.279308230123042,0.02008007271091289,0.002758513869191314,0.9416352331534754,True,True
m-10,87_4_980,87_4_980_sampling.prm,log_q_err,A1,1.1463115561879527,0.014892817179901832,0.012991945426623581,0.8393239353816615,True,True
m-10,87_4_980,87_4_980_sampling.prm,log_rho_err,A2,0.7724740220050528,0.01928442271469043,0.02496449351738108,0.7893925881000655,True,True
m-10,87_4_980,87_4_980_sampling.prm,log_s_err,A1,8.160539218059839,0.0158424834156219,0.001941352524911759,0.9822426303311483,True,True
m-10,87_4_980,87_4_980_sampling.prm,log_tE_err,A1,8.136595230655608,0.009813284511374707,0.0012060676773500993,0.9838895826560836,True,True
m-10,87_4_980,87_4_980_sampling.prm,piEE_err,D,17.423889314360345,15.316118477109802,0.8790298308705755,0.5398458265746131,True,False
m-10,87_4_980,87_4_980_sampling.prm,piEN_err,D,4.275609444780958,11.601795145038563,2.7134833746801514,0.6530171687806212,True,False
m-10,87_4_980,87_4_980_sampling.prm,t0_err,A1,6.337832145066596,6.12079497188327e-08,9.657552979921899e-09,0.6388466088897203,True,True
m-10,87_4_980,87_4_980_sampling.prm,u0_err,A1,8.651697705990353,0.03563397013189441,0.00411872575104211,0.921259511371914,True,True
m-10,88_1_317,88_1_317_sampling.prm,alpha_err,A2,0.9972762047151148,0.006727141908815515,0.006745515311615414,0.9944627252598265,True,True
m-10,88_1_317,88_1_317_sampling.prm,log_q_err,A2,0.8911951603279572,0.01249714452364482,0.014022904387234227,0.8392563505644055,True,True
m-10,88_1_317,88_1_317_sampling.prm,log_rho_err,B,0.11056728502442809,0.0503986620991715,0.4558189349411692,0.13955868524425089,True,True
m-10,88_1_317,88_1_317_sampling.prm,log_s_err,A2,0.8414905123174673,0.07574724487846136,0.09001556615279384,0.9776206924780565,True,True
m-10,88_1_317,88_1_317_sampling.prm,log_tE_err,A1,2.7415086906075463,0.01742101984306975,0.006354537522625571,0.9635513348780772,True,True
m-10,88_1_317,88_1_317_sampling.prm,piEE_err,C,4.551002443900976,0.40555553295978575,0.08911345092844122,0.9658538340899756,True,False
m-10,88_1_317,88_1_317_sampling.prm,piEN_err,D,1.018160318941318,0.9478373871323824,0.9309313764240416,0.9298039901421431,True,False
m-10,88_1_317,88_1_317_sampling.prm,t0_err,A1,1.0844826316967648,2.6020323377524915e-08,2.3993305763517775e-08,0.892118254434078,True,True
m-10,88_1_317,88_1_317_sampling.prm,u0_err,A2,0.8570687201450952,0.07247569822612104,0.08456229532429028,0.9571754204610731,True,True
m-10,918_3_312,918_3_312_sampling.prm,alpha_err,A1,14.54217965510511,0.03943271710770291,0.0027116098166109397,0.8894333149453917,True,True
m-10,918_3_312,918_3_312_sampling.prm,log_q_err,A1,1.352678629235323,0.013194061506806062,0.009754025251559375,0.8239687143377172,True,True
m-10,918_3_312,918_3_312_sampling.prm,log_rho_err,A2,0.944066787880455,0.023916483475494868,0.025333465579474825,0.5791740795005056,True,True
m-10,918_3_312,918_3_312_sampling.prm,log_s_err,A1,2.145137020809782,0.023769944925144094,0.011080851570111369,1.0055340192968476,True,True
m-10,918_3_312,918_3_312_sampling.prm,log_tE_err,A1,2.4079661872815623,0.008104150655876854,0.0033655583283027386,0.9871688576398558,True,True
m-10,918_3_312,918_3_312_sampling.prm,piEE_err,D,3.3748278644671412,3.1972502559913485,0.9473817286074142,0.9341713715229423,True,False
m-10,918_3_312,918_3_312_sampling.prm,piEN_err,D,3.9458897093495353,20.952728784512182,5.310013793559921,0.6470100380926769,True,False
m-10,918_3_312,918_3_312_sampling.prm,t0_err,A1,3.2195097697454207,3.1395179615968135e-08,9.751540408728338e-09,0.878051809703467,True,True
m-10,918_3_312,918_3_312_sampling.prm,u0_err,A1,4.337014640266235,0.15330028607451374,0.03534696070684769,0.9713301468034915,True,True
m00,127_0_164,127_0_164_sampling.prm,alpha_err,A1,4.88294581384592,0.0383709362057012,0.007858153186319996,0.9000461169100782,True,True
m00,127_0_164,127_0_164_sampling.prm,log_q_err,A2,0.725011093707557,0.007823021309930317,0.010790209112421994,0.9155217906556941,True,True
m00,127_0_164,127_0_164_sampling.prm,log_rho_err,B,0.14935644096330136,0.06123730228567243,0.41000777663628957,0.11494103425471616,True,True
m00,127_0_164,127_0_164_sampling.prm,log_s_err,A2,0.41475065960243607,0.015386487411363661,0.03709816260717355,0.9821003407330952,True,True
m00,127_0_164,127_0_164_sampling.prm,log_tE_err,A1,3.1224000977984443,0.003035529094288163,0.0009721781319531944,0.9937802694228283,True,True
m00,127_0_164,127_0_164_sampling.prm,piEE_err,C,40.85954485504955,7.112704423357547,0.17407693719032058,0.6999088506521298,True,False
m00,127_0_164,127_0_164_sampling.prm,piEN_err,D,3.3055880416040098,6.261364916335692,1.8941758130566735,0.7419714171221423,True,False
m00,127_0_164,127_0_164_sampling.prm,t0_err,A1,5.387716689141076,2.1386032624079384e-08,3.969405567887944e-09,0.9529952660202139,True,True
m00,127_0_164,127_0_164_sampling.prm,u0_err,A1,4.957900013512185,0.15156442809623746,0.030570287356172187,0.9670008252483605,True,True
m00,45_3_6,45_3_6_sampling.prm,alpha_err,A2,0.03890254618683286,0.0027040877702555477,0.06950927472122084,0.9946643085453222,True,True
m00,45_3_6,45_3_6_sampling.prm,log_q_err,A2,0.618094902639506,0.019431081777027893,0.03143705229415354,0.8166834823537042,True,True
m00,45_3_6,45_3_6_sampling.prm,log_rho_err,A1,1.043832327819525,0.03506178422965659,0.033589479167499645,0.6880050865735388,True,True
m00,45_3_6,45_3_6_sampling.prm,log_s_err,D,0.9389829126493893,0.5645092151313515,0.6011922129004025,0.9897048012773764,True,False
m00,45_3_6,45_3_6_sampling.prm,log_tE_err,A2,0.3846767273627799,0.011171738411349766,0.02904188794559946,0.9938835981608345,True,True
m00,45_3_6,45_3_6_sampling.prm,piEE_err,D,1.2430904104246876,19.877794207665456,15.990626297949188,0.6047425897725731,True,False
m00,45_3_6,45_3_6_sampling.prm,piEN_err,D,0.010752655095475074,40.98381984416952,3811.5069701637044,0.1848356414250953,True,False
m00,45_3_6,45_3_6_sampling.prm,t0_err,A1,1.0336006776219882,1.5103163056026384e-10,1.4612183779498222e-10,1.006926002438477,True,True
m00,45_3_6,45_3_6_sampling.prm,u0_err,A1,2.001994532716526,0.0206219626091788,0.010300708754282488,0.9923393973894084,True,True
m00,45_3_898,45_3_898_sampling.prm,alpha_err,A2,0.6328596633767125,0.0007504282014720864,0.001185773473803134,0.9911105002137591,True,True
m00,45_3_898,45_3_898_sampling.prm,log_q_err,A2,0.6124256671359836,0.008305393842417573,0.013561472498789693,0.917660832970095,True,True
m00,45_3_898,45_3_898_sampling.prm,log_rho_err,A2,0.7391899475484313,0.05563607910905519,0.07526628208835315,0.6567415660292731,True,True
m00,45_3_898,45_3_898_sampling.prm,log_s_err,A1,1.335343262339823,0.016368433558535806,0.012257847117043608,1.0014608075149267,True,True
m00,45_3_898,45_3_898_sampling.prm,log_tE_err,A2,0.3691291787088951,0.009447323284594697,0.02559354239520876,0.9813869705575543,True,True
m00,45_3_898,45_3_898_sampling.prm,piEE_err,D,6.17442088427076,26.773207323879966,4.336148737784347,0.6270505424169657,True,False
m00,45_3_898,45_3_898_sampling.prm,piEN_err,D,0.25471063739777555,61.00765353720088,239.51749389220313,0.15579751486732854,True,False
m00,45_3_898,45_3_898_sampling.prm,t0_err,A2,0.43144402730355585,9.95795829283553e-10,2.3080533424163733e-09,1.016415256625804,True,True
m00,45_3_898,45_3_898_sampling.prm,u0_err,A1,2.2226158365339166,0.016595684021222818,0.007466735253314467,0.9942981707365705,True,True
m00,45_4_824,45_4_824_sampling.prm,alpha_err,A1,12.325639190974284,0.011055350034986089,0.000896939287585313,0.9755353219535874,True,True
m00,45_4_824,45_4_824_sampling.prm,log_q_err,A1,6.563401137330239,0.005305092985636496,0.0008082841311439972,0.9204185066407542,True,True
m00,45_4_824,45_4_824_sampling.prm,log_rho_err,A1,1.1886903199673469,0.010963518246321009,0.009223191324231675,0.8330258616833661,True,True
m00,45_4_824,45_4_824_sampling.prm,log_s_err,A1,39.1675415905827,0.01819599042550136,0.0004645681012023572,1.0060200472647438,True,True
m00,45_4_824,45_4_824_sampling.prm,log_tE_err,A1,31.41140920212225,0.007699454692585851,0.00024511650028314084,0.9891111954737173,True,True
m00,45_4_824,45_4_824_sampling.prm,piEE_err,C,66.05950020666475,1.1952125144158159,0.01809296937876667,0.970398496258162,True,False
m00,45_4_824,45_4_824_sampling.prm,piEN_err,C,4.4636452239813185,0.3579884286764951,0.08020091443494914,0.9921158136561361,True,False
m00,45_4_824,45_4_824_sampling.prm,t0_err,A1,2.7826389063725654,1.602173702595346e-08,5.757749231947353e-09,0.8680293664189136,True,True
m00,45_4_824,45_4_824_sampling.prm,u0_err,A1,48.73332617535554,0.019387099273628222,0.0003978201529661294,0.970432116144576,True,True
m00,46_3_817,46_3_817_sampling.prm,alpha_err,A1,1.4634647268657097,0.014985194466142104,0.010239532385748559,0.9585129278919774,True,True
m00,46_3_817,46_3_817_sampling.prm,log_q_err,A1,1.0655917195431075,0.015274054672885517,0.014333871400046687,0.8297274128250677,True,True
m00,46_3_817,46_3_817_sampling.prm,log_rho_err,A2,0.19315432678503516,0.042343247832582774,0.21921977383249258,0.375353983528303,True,True
m00,46_3_817,46_3_817_sampling.prm,log_s_err,D,0.6240268193804935,1.8808369475911255,3.0140322325542646,0.9920143840545484,True,False
m00,46_3_817,46_3_817_sampling.prm,log_tE_err,A1,8.529970603590897,0.013564310532329815,0.0015901942881983194,0.9787976830584101,True,True
m00,46_3_817,46_3_817_sampling.prm,piEE_err,C,53.52599241833865,4.987749421948443,0.09318368883226123,0.8714327522459424,True,False
m00,46_3_817,46_3_817_sampling.prm,piEN_err,D,0.6939640684073435,2.850343950596387,4.107336503946037,0.9252930882990753,True,False
m00,46_3_817,46_3_817_sampling.prm,t0_err,A1,1.037857851883519,2.502454596915998e-10,2.4111727751295687e-10,1.0069384163821042,True,True
m00,46_3_817,46_3_817_sampling.prm,u0_err,A1,6.811162420480307,0.05839242379172657,0.008573048209237811,0.9929355219799698,True,True
m00,47_0_452,47_0_452_sampling.prm,alpha_err,B,0.0662985929695756,0.03278573550898867,0.4945163093285257,0.9162949005720892,True,True
m00,47_0_452,47_0_452_sampling.prm,log_q_err,A2,0.26221011102541714,0.01382970870508029,0.05274285057504788,0.8860661899119225,True,True
m00,47_0_452,47_0_452_sampling.prm,log_rho_err,A2,0.42307590595325123,0.06708273804114698,0.1585595802010986,0.3927068735547659,True,True
m00,47_0_452,47_0_452_sampling.prm,log_s_err,A2,0.904908544547236,0.05566513665963034,0.06151465470743451,0.9549343875916475,True,True
m00,47_0_452,47_0_452_sampling.prm,log_tE_err,A2,0.3360357545041562,0.035344867322246266,0.10518186487149275,0.9627105254618482,True,True
m00,47_0_452,47_0_452_sampling.prm,piEE_err,D,1.2878968921454765,18.82574877689277,14.617434743189268,0.30515489912337723,True,False
m00,47_0_452,47_0_452_sampling.prm,piEN_err,D,0.023918480955001913,6.494465456359806,271.5249964484747,0.7852661307077685,True,False
m00,47_0_452,47_0_452_sampling.prm,t0_err,A2,0.07222999304305615,1.1164094004835126e-07,1.5456313277200834e-06,0.4018706208721494,True,True
m00,47_0_452,47_0_452_sampling.prm,u0_err,B,0.11122955895621857,0.07427575801620792,0.6677699589319045,0.7557521322193409,True,True
m00,48_2_647,48_2_647_sampling.prm,alpha_err,A1,2.3690806111367158,0.0019280445168067678,0.0008138366030025744,1.0045794610569814,True,True
m00,48_2_647,48_2_647_sampling.prm,log_q_err,A1,3.2702448628471266,0.004940212615834494,0.001510655263757059,0.9494506208592229,True,True
m00,48_2_647,48_2_647_sampling.prm,log_rho_err,A1,2.481563999327505,0.0055319076741480785,0.0022292020982119364,0.907033118213266,True,True
m00,48_2_647,48_2_647_sampling.prm,log_s_err,A1,6.72188447710451,0.01628677990878161,0.0024229484996738937,0.9965029032414143,True,True
m00,48_2_647,48_2_647_sampling.prm,log_tE_err,A1,6.790441080238164,0.005458176719358023,0.0008038029716865735,0.9917405327937773,True,True
m00,48_2_647,48_2_647_sampling.prm,piEE_err,C,1.5610301348670859,0.44605823143815065,0.28574607336208174,0.9800187802426787,True,False
m00,48_2_647,48_2_647_sampling.prm,piEN_err,D,2.187973527639801,1.0627147491008084,0.4857073157768843,0.9557958315231622,True,False
m00,48_2_647,48_2_647_sampling.prm,t0_err,A1,1.1211399049006738,2.914683317267878e-10,2.5997498657637217e-10,1.0183810553032937,True,True
m00,48_2_647,48_2_647_sampling.prm,u0_err,A1,6.1948786137145735,0.015812420709805184,0.002552498877830915,0.9937125432188206,True,True
m00,595_1_742,595_1_742_sampling.prm,alpha_err,A1,1.4666683314646929,0.0023231213653169824,0.001583944587524427,0.977949301629038,True,True
m00,595_1_742,595_1_742_sampling.prm,log_q_err,A1,1.478633351572795,0.002763257523354281,0.0018687915570246368,0.9742164304396279,True,True
m00,595_1_742,595_1_742_sampling.prm,log_rho_err,A1,1.2519426556761375,0.003936401246333544,0.0031442344651222134,0.9511387545258946,True,True
m00,595_1_742,595_1_742_sampling.prm,log_s_err,A1,5.0701745871921675,0.0060074082924100655,0.001184852353523576,0.997913073973856,True,True
m00,595_1_742,595_1_742_sampling.prm,log_tE_err,A1,7.679858132829064,0.0022420743567088354,0.0002919421580360512,0.9943867214873834,True,True
m00,595_1_742,595_1_742_sampling.prm,piEE_err,C,19.231911186549823,4.836064726824047,0.2514604336466692,0.9068150028516329,True,False
m00,595_1_742,595_1_742_sampling.prm,piEN_err,D,1.3906615914044012,8.51949317019727,6.126215912523769,0.8803238370608127,True,False
m00,595_1_742,595_1_742_sampling.prm,t0_err,A1,1.4388877938725027,2.636005661558639e-10,1.831974440803555e-10,1.0170422674940751,True,True
m00,595_1_742,595_1_742_sampling.prm,u0_err,A1,9.609441540758063,0.0066701691087952646,0.0006941266129258405,1.0000352730135322,True,True
m00,596_1_501,596_1_501_sampling.prm,alpha_err,A2,0.1893700999390353,0.0016873959307930342,0.008910572108987979,0.9980343868805486,True,True
m00,596_1_501,596_1_501_sampling.prm,log_q_err,A2,0.5307735930750445,0.006315673694030627,0.011898997569642984,0.9284517430182873,True,True
m00,596_1_501,596_1_501_sampling.prm,log_rho_err,A2,0.534096316549692,0.007896077416730778,0.014783995268381768,0.9013711576137958,True,True
m00,596_1_501,596_1_501_sampling.prm,log_s_err,A1,2.405186786579056,0.017231151311541827,0.007164163468588662,0.9952212946147359,True,True
m00,596_1_501,596_1_501_sampling.prm,log_tE_err,A1,1.966187385326383,0.009317533822851807,0.004738883939744693,0.9923643038520887,True,True
m00,596_1_501,596_1_501_sampling.prm,piEE_err,D,5.234552554928051,42.088864086881244,8.0405848723893,0.5113618213884334,True,False
m00,596_1_501,596_1_501_sampling.prm,piEN_err,D,0.13384902741552845,64.5936562481872,482.5859215820748,0.23335466186419834,True,False
m00,596_1_501,596_1_501_sampling.prm,t0_err,A2,0.18277157883862163,4.767752699479571e-10,2.6085853882617402e-09,1.0116693996285777,True,True
m00,596_1_501,596_1_501_sampling.prm,u0_err,A1,2.262421365289003,0.018938631757409386,0.00837095690836979,0.9893695141456614,True,True
m00,596_2_166,596_2_166_sampling.prm,alpha_err,A2,0.36271413350670423,0.0035030251966607917,0.009657812787149203,0.9969469349079333,True,True
m00,596_2_166,596_2_166_sampling.prm,log_q_err,A2,0.6103633439486967,0.010915593183075178,0.01788376266578793,0.8552461964166637,True,True
m00,596_2_166,596_2_166_sampling.prm,log_rho_err,A2,0.676663556927298,0.018314598317850237,0.027066033230777335,0.7351229571720755,True,True
m00,596_2_166,596_2_166_sampling.prm,log_s_err,A1,1.1212328663195221,0.008413298355147772,0.00750361375221247,0.9911364975538557,True,True
m00,596_2_166,596_2_166_sampling.prm,log_tE_err,A2,0.4157833327687368,0.005272091649993218,0.012679901368065691,0.994639729227112,True,True
m00,596_2_166,596_2_166_sampling.prm,piEE_err,D,15.771127762236768,205.95224126568135,13.058815093669105,0.1831008355443772,True,False
m00,596_2_166,596_2_166_sampling.prm,piEN_err,D,0.08871362860587499,57.65279580951535,649.8752978039873,0.7705306943033056,True,False
m00,596_2_166,596_2_166_sampling.prm,t0_err,A2,0.3288330714068842,1.7741325469407327e-08,5.395237587722724e-08,0.9832725845745656,True,True
m00,596_2_166,596_2_166_sampling.prm,u0_err,A2,0.5109338532625698,0.012224846659760582,0.02392647616065912,0.9961004449388272,True,True
m00,597_2_104,597_2_104_sampling.prm,alpha_err,A2,0.4559029382742521,0.014420367852892912,0.03163034637916333,0.9716624390887632,True,True
m00,597_2_104,597_2_104_sampling.prm,log_q_err,A2,0.6077384130817496,0.015308761226564974,0.025189721263358292,0.8629404654918239,True,True
m00,597_2_104,597_2_104_sampling.prm,log_rho_err,B,0.024385702424368525,0.06685753517769777,2.7416694427832975,0.07377200997648237,True,True
m00,597_2_104,597_2_104_sampling.prm,log_s_err,A1,1.2826715807110833,0.1562812511457163,0.12184042548060323,0.9393926852668073,True,True
m00,597_2_104,597_2_104_sampling.prm,log_tE_err,A2,0.5827508044048214,0.03681427635803377,0.06317327420188316,0.9338018828276287,True,True
m00,597_2_104,597_2_104_sampling.prm,piEE_err,D,7.635082480756992,3.615972473075687,0.4735996608011988,0.747556883181976,True,False
m00,597_2_104,597_2_104_sampling.prm,piEN_err,D,0.3493067198497178,2.843728556850682,8.141064558031232,0.7777143120120495,True,False
m00,597_2_104,597_2_104_sampling.prm,t0_err,A2,0.5466162987611507,1.7044327016088058e-07,3.1181519934032815e-07,0.27856776202507555,True,True
m00,597_2_104,597_2_104_sampling.prm,u0_err,A1,1.1891891236417664,0.15659442141538632,0.13168167981206588,0.733168082425995,True,True
m00,597_3_751,597_3_751_sampling.prm,alpha_err,A1,21.24770771318109,0.029205654961063587,0.0013745320368345314,0.9441394574837333,True,True
m00,597_3_751,597_3_751_sampling.prm,log_q_err,A1,4.245460606000014,0.012054288742937914,0.0028393359076049037,0.9003470172711203,True,True
m00,597_3_751,597_3_751_sampling.prm,log_rho_err,A2,0.7147914558891226,0.044411657272632694,0.06213232811714214,0.6621238721836445,True,True
m00,597_3_751,597_3_751_sampling.prm,log_s_err,A1,1.7076501153897723,0.021521138534358306,0.012602779890566806,1.0074567743825382,True,True
m00,597_3_751,597_3_751_sampling.prm,log_tE_err,A1,9.670101864926906,0.009291862162447012,0.0009608856547983476,0.9790649960357137,True,True
m00,597_3_751,597_3_751_sampling.prm,piEE_err,C,240.64110425664575,0.8760955962271343,0.0036406731050102354,0.976782884971227,True,False
m00,597_3_751,597_3_751_sampling.prm,piEN_err,C,17.002032115113515,1.7641263499326976,0.10375973518862626,0.9457251197870123,True,False
m00,597_3_751,597_3_751_sampling.prm,t0_err,A1,8.768230337686482,7.936305112997603e-09,9.051205097665826e-10,1.0099381041594897,True,True
m00,597_3_751,597_3_751_sampling.prm,u0_err,A1,4.426377656783902,0.013099173281131417,0.0029593438013712,0.9945617305395369,True,True
m00,597_5_439,597_5_439_sampling.prm,alpha_err,A1,1.3827040012624403,0.017920653197729175,0.012960585332339538,0.9516355182183562,True,True
m00,597_5_439,597_5_439_sampling.prm,log_q_err,A2,0.9534867398761351,0.004322366912522305,0.004533221839124698,0.9495132919052613,True,True
m00,597_5_439,597_5_439_sampling.prm,log_rho_err,A2,0.9343380309782634,0.039976777893577876,0.042786204315928035,0.5824774049144726,True,True
m00,597_5_439,597_5_439_sampling.prm,log_s_err,A1,2.335825023350025,0.019592529456290253,0.008387841238292231,0.9919690146432131,True,True
m00,597_5_439,597_5_439_sampling.prm,log_tE_err,A1,6.5141226009094,0.005915461465490895,0.0009080979631339869,0.9789363568191373,True,True
m00,597_5_439,597_5_439_sampling.prm,piEE_err,C,35.53431294204428,4.661358514558483,0.13117908096776942,0.9414710210654592,True,False
m00,597_5_439,597_5_439_sampling.prm,piEN_err,D,0.10213259531105308,0.3725661571049157,3.647867323553615,0.9956415422541525,True,False
m00,597_5_439,597_5_439_sampling.prm,t0_err,A1,1.2822355368649616,1.1856226620727829e-07,9.246527864697969e-08,0.29857996876529,True,True
m00,597_5_439,597_5_439_sampling.prm,u0_err,A1,11.726475939418954,0.023483136066852046,0.0020025740203766314,0.9776273355187174,True,True
m00,636_4_993,636_4_993_sampling.prm,alpha_err,A2,0.4576677253041181,0.0019639224539809153,0.00429115348406073,0.9998748108090498,True,True
m00,636_4_993,636_4_993_sampling.prm,log_q_err,A1,1.4210907708155078,0.00892620205318693,0.006281232864572427,0.9031719842143754,True,True
m00,636_4_993,636_4_993_sampling.prm,log_rho_err,A2,0.9405794857942795,0.009781704388096207,0.010399657377000915,0.8513062821755575,True,True
m00,636_4_993,636_4_993_sampling.prm,log_s_err,A1,1.5511244482977942,0.12543843265066568,0.0808693543502083,0.9978284335238731,True,True
m00,636_4_993,636_4_993_sampling.prm,log_tE_err,A1,2.59731757618563,0.006170360207827223,0.0023756664431035393,0.9940170144878585,True,True
m00,636_4_993,636_4_993_sampling.prm,piEE_err,D,0.8453338826663545,5.524117334597692,6.534834871605413,0.8882052357965259,True,False
m00,636_4_993,636_4_993_sampling.prm,piEN_err,D,0.19773404101659756,37.98521849817883,192.102575271753,0.1942447758019447,True,False
m00,636_4_993,636_4_993_sampling.prm,t0_err,A1,1.0607665766276622,1.6615680655576395e-11,1.5663842566005584e-11,1.0035561641272912,True,True
m00,636_4_993,636_4_993_sampling.prm,u0_err,A1,1.9600746359166346,0.011344824063876211,0.005787955140070865,0.9871227651772503,True,True
m00,637_5_203,637_5_203_sampling.prm,alpha_err,A1,1.550150961405475,0.0013357811597720648,0.0008617103708150802,0.9871877992386826,True,True
m00,637_5_203,637_5_203_sampling.prm,log_q_err,A2,0.8452216944215415,0.0055393441237478296,0.006553717397822926,0.9346456567055388,True,True
m00,637_5_203,637_5_203_sampling.prm,log_rho_err,A2,0.6683038965523493,0.05584844155211346,0.08356743367833822,0.5889288829638107,True,True
m00,637_5_203,637_5_203_sampling.prm,log_s_err,A2,0.7099089771363392,0.025846652741878827,0.03640840385782998,1.0009192706327352,True,True
m00,637_5_203,637_5_203_sampling.prm,log_tE_err,A1,2.572926070755135,0.0010508110048502305,0.00040841088160058377,1.0022734721135989,True,True
m00,637_5_203,637_5_203_sampling.prm,piEE_err,C,59.12811437875312,1.6796042111756622,0.02840618593748366,0.9572317098715546,True,False
m00,637_5_203,637_5_203_sampling.prm,piEN_err,D,3.4652634077322437,1.6055854504235574,0.4633372016802305,0.969075980560665,True,False
m00,637_5_203,637_5_203_sampling.prm,t0_err,A1,5.390520588254985,4.468574941548771e-09,8.289690890495858e-10,1.01417452838091,True,True
m00,637_5_203,637_5_203_sampling.prm,u0_err,A1,1.3100524445477033,0.0021655684147707625,0.0016530394823379966,1.007530973066722,True,True
m00,638_1_503,638_1_503_sampling.prm,alpha_err,A2,0.20003869829665027,0.0016538091480884365,0.008267446060041324,1.0015319317931082,True,True
m00,638_1_503,638_1_503_sampling.prm,log_q_err,A2,0.6029539745011445,0.004261796989508013,0.007068196196955202,0.9605669019814487,True,True
m00,638_1_503,638_1_503_sampling.prm,log_rho_err,A2,0.6117966034109054,0.004556939859050161,0.007448455636471638,0.9772571344865356,True,True
m00,638_1_503,638_1_503_sampling.prm,log_s_err,A1,18.625395680333693,0.027129388547688524,0.0014565805212038573,0.9842905034541902,True,True
m00,638_1_503,638_1_503_sampling.prm,log_tE_err,A2,0.6447732419593939,0.015754320530411644,0.02443389319714327,0.9898069010404702,True,True
m00,638_1_503,638_1_503_sampling.prm,piEE_err,D,7.428091941553983,28.457066799798604,3.831006269672705,0.12799584604278932,True,False
m00,638_1_503,638_1_503_sampling.prm,piEN_err,D,0.03043869259854121,5.411423871104752,177.7810874624785,0.8052989076278966,True,False
m00,638_1_503,638_1_503_sampling.prm,t0_err,A2,0.1770044843152229,1.9221117244075644e-09,1.085911315661655e-08,0.9920811333436319,True,True
m00,638_1_503,638_1_503_sampling.prm,u0_err,A1,44.459671375704566,0.027071200010194224,0.0006088933897290918,0.98056211951455,True,True
m00,638_3_571,638_3_571_sampling.prm,alpha_err,A2,0.22144536971445883,0.005068814484231243,0.022889683766100823,1.006453610093208,True,True
m00,638_3_571,638_3_571_sampling.prm,log_q_err,A2,0.4568834672579048,0.011453069534232425,0.02506781346887152,0.8838786003965339,True,True
m00,638_3_571,638_3_571_sampling.prm,log_rho_err,A2,0.5730415383924992,0.0145409309215453,0.025375003289178022,0.736967279741797,True,True
m00,638_3_571,638_3_571_sampling.prm,log_s_err,A1,5.733310303415785,0.07683887280523591,0.013402182812162971,0.9963404425571684,True,True
m00,638_3_571,638_3_571_sampling.prm,log_tE_err,A2,0.5071161564566081,0.0338774734999431,0.06680416916048673,0.9605412319339689,True,True
m00,638_3_571,638_3_571_sampling.prm,piEE_err,D,0.15757868189275703,43.564460345403454,276.4616369557655,0.6613507920520221,True,False
m00,638_3_571,638_3_571_sampling.prm,piEN_err,D,0.030462718850913895,115.19656743859474,3781.558960720894,0.12920996250375627,True,False
m00,638_3_571,638_3_571_sampling.prm,t0_err,A2,0.09874102672026472,2.043654601510764e-09,2.0697117190207853e-08,0.8505880211494004,True,True
m00,638_3_571,638_3_571_sampling.prm,u0_err,A1,7.518385589669612,0.0749160288161163,0.009964377049117058,0.9711604202271477,True,True
m00,639_0_435,639_0_435_sampling.prm,alpha_err,A1,1.2234649096812114,0.0060601455469369014,0.00495326469846687,0.9874639244824255,True,True
m00,639_0_435,639_0_435_sampling.prm,log_q_err,A1,1.354318887243611,0.005911707286236706,0.004365077783319229,0.926371599703393,True,True
m00,639_0_435,639_0_435_sampling.prm,log_rho_err,A1,1.5137888049059898,0.008958501195676791,0.005917933311861913,0.8685804008229654,True,True
m00,639_0_435,639_0_435_sampling.prm,log_s_err,A1,1.9057624246955822,0.04612512906465108,0.024202979588087373,0.9988664869620713,True,True
m00,639_0_435,639_0_435_sampling.prm,log_tE_err,A1,2.5272751942014215,0.02630933130716449,0.010410156902393773,0.9649492910213474,True,True
m00,639_0_435,639_0_435_sampling.prm,piEE_err,D,1.9652191225978457,78.17751020351572,39.78055642984584,0.15014685723915364,True,False
m00,639_0_435,639_0_435_sampling.prm,piEN_err,D,0.5432663041809115,49.538839902138726,91.18702838901261,0.4993830963372904,True,False
m00,639_0_435,639_0_435_sampling.prm,t0_err,A2,0.9470436305060128,8.817318954576325e-10,9.310361920564486e-10,1.0116446876972716,True,True
m00,639_0_435,639_0_435_sampling.prm,u0_err,A1,8.285686472374527,0.0503422399406435,0.006075807974208361,1.0036667859886783,True,True
m00,677_3_26,677_3_26_sampling.prm,alpha_err,A2,0.42755915421392054,0.00649602439807917,0.015193276378381589,0.9837664703022744,True,True
m00,677_3_26,677_3_26_sampling.prm,log_q_err,A2,0.4754875789088689,0.012017506498173024,0.02527407030431867,0.8719623696017635,True,True
m00,677_3_26,677_3_26_sampling.prm,log_rho_err,A2,0.4981996697051961,0.011016457303339895,0.022112534337605554,0.8529641727398674,True,True
m00,677_3_26,677_3_26_sampling.prm,log_s_err,A1,4.049924702714145,0.03896810672468369,0.009621933637079317,0.9913493281551794,True,True
m00,677_3_26,677_3_26_sampling.prm,log_tE_err,A2,0.46397611739710154,0.020258097672836612,0.04366194058971011,0.9680762029509424,True,True
m00,677_3_26,677_3_26_sampling.prm,piEE_err,D,84.66086537081145,53.46553730876365,0.6315259958020342,0.5163644744137696,True,False
m00,677_3_26,677_3_26_sampling.prm,piEN_err,D,0.10224654457925848,13.926933320727489,136.2093298901827,0.8671242733745176,True,False
m00,677_3_26,677_3_26_sampling.prm,t0_err,A2,0.5611880885647098,6.768942373190968e-09,1.206180692555888e-08,1.0034191420163507,True,True
m00,677_3_26,677_3_26_sampling.prm,u0_err,A1,7.818370766723335,0.041124581850399855,0.005259993811681957,0.9725201029654854,True,True
m00,677_4_648,677_4_648_sampling.prm,alpha_err,A1,1.2815116315677102,0.0024137653340404186,0.0018835297898058012,0.9988172091050648,True,True
m00,677_4_648,677_4_648_sampling.prm,log_q_err,A2,0.6558619379462738,0.012136865829236572,0.018505214477365795,0.8564253226646894,True,True
m00,677_4_648,677_4_648_sampling.prm,log_rho_err,B,0.020331443521736357,0.057777283307129376,2.841769854922483,0.08802949777220462,True,True
m00,677_4_648,677_4_648_sampling.prm,log_s_err,A2,0.4326653723523042,0.031075716051388827,0.07182390373058319,0.9988226379903457,True,True
m00,677_4_648,677_4_648_sampling.prm,log_tE_err,A1,4.567157107686498,0.004466457899114913,0.0009779514463380055,0.9822939429531673,True,True
m00,677_4_648,677_4_648_sampling.prm,piEE_err,C,36.16193453962632,1.0320026069539974,0.02853836831719074,0.9673534190664693,True,False
m00,677_4_648,677_4_648_sampling.prm,piEN_err,D,3.110953888381285,1.8621739633826528,0.5985861668787362,0.9548376981158754,True,False
m00,677_4_648,677_4_648_sampling.prm,t0_err,A1,3.6104606048397834,3.550644163767698e-08,9.834324626082604e-09,0.7793105829242152,True,True
m00,677_4_648,677_4_648_sampling.prm,u0_err,A1,3.230663172713417,0.008718554206581675,0.002698688702746751,0.9914400714843816,True,True
m00,6_2_143,6_2_143_sampling.prm,alpha_err,A1,2.3229787199329084,0.0038498502765138554,0.0016572903761361386,0.9884578980284091,True,True
m00,6_2_143,6_2_143_sampling.prm,log_q_err,A1,1.4896469187136578,0.0038950873740442836,0.0026147722155581508,0.966487359693774,True,True
m00,6_2_143,6_2_143_sampling.prm,log_rho_err,A1,1.6579046347769788,0.02583179961519159,0.015580992460803684,0.830594361287096,True,True
m00,6_2_143,6_2_143_sampling.prm,log_s_err,A1,1.1585869844949614,0.05072887617814027,0.04378512520598827,0.9803612149003972,True,True
m00,6_2_143,6_2_143_sampling.prm,log_tE_err,A1,4.230779048672219,0.002388346894579974,0.0005645170468851426,0.9942156128545874,True,True
m00,6_2_143,6_2_143_sampling.prm,piEE_err,C,47.826553898259625,1.6442942061019914,0.03438036136995908,0.9098843670006689,True,False
m00,6_2_143,6_2_143_sampling.prm,piEN_err,B,0.1679866551679623,0.14450736852870477,0.8602312391077634,0.9977354079091322,True,True
m00,6_2_143,6_2_143_sampling.prm,t0_err,A1,2.0071402850885356,7.458534226524288e-10,3.71600046191853e-10,1.007670568364899,True,True
m00,6_2_143,6_2_143_sampling.prm,u0_err,A1,3.2347373537677346,0.009023879082021504,0.0027896790666824107,0.990240700953101,True,True
m00,6_4_911,6_4_911_sampling.prm,alpha_err,A2,0.13079011446333658,0.0028889212832049482,0.0220882235255997,0.9913745123141738,True,True
m00,6_4_911,6_4_911_sampling.prm,log_q_err,A2,0.6706683348618022,0.009443836620951615,0.014081232302249086,0.9112033118573116,True,True
m00,6_4_911,6_4_911_sampling.prm,log_rho_err,A1,1.2178564839874353,0.03302468504204774,0.027117058106814217,0.5850890328067929,True,True
m00,6_4_911,6_4_911_sampling.prm,log_s_err,A2,0.9784224775254485,0.029656458237505196,0.030310483373716078,0.9907933159734532,True,True
m00,6_4_911,6_4_911_sampling.prm,log_tE_err,A2,0.44771511324371577,0.011927159911569667,0.026640065431691298,0.9921288771819896,True,True
m00,6_4_911,6_4_911_sampling.prm,piEE_err,D,0.2077497214952082,2.73180573498163,13.149503716878096,0.8807677505921705,True,False
m00,6_4_911,6_4_911_sampling.prm,piEN_err,D,0.0838319370334301,20.367534121144395,242.95673990000168,0.08215109610839472,True,False
m00,6_4_911,6_4_911_sampling.prm,t0_err,A2,0.09857993788872914,1.388692799194471e-09,1.4086971740253484e-08,1.0083154141021538,True,True
m00,6_4_911,6_4_911_sampling.prm,u0_err,A1,1.2937801553237238,0.026395193252350894,0.0204016062108685,1.0014227825976736,True,True
m00,716_2_719,716_2_719_sampling.prm,alpha_err,A2,0.969516134196504,0.003896325281349311,0.004018834905288532,0.998159410486943,True,True
m00,716_2_719,716_2_719_sampling.prm,log_q_err,A1,1.0994549855927263,0.007201470564595404,0.006550036753631187,0.9279851768511407,True,True
m00,716_2_719,716_2_719_sampling.prm,log_rho_err,A1,2.713698391291071,0.03317241999781325,0.012224062963029254,0.9650966822319775,True,True
m00,716_2_719,716_2_719_sampling.prm,log_s_err,A1,3.293075347290926,0.06490772617252977,0.01971036776486958,0.9966433107447221,True,True
m00,716_2_719,716_2_719_sampling.prm,log_tE_err,A1,1.4273871167347547,0.0035142754608772824,0.002462033893731945,0.9883857601035325,True,True
m00,716_2_719,716_2_719_sampling.prm,piEE_err,D,5.957271723596276,30.71726681118004,5.156264182060289,0.4602256236252466,True,False
m00,716_2_719,716_2_719_sampling.prm,piEN_err,D,0.5007139983267951,51.49335193999927,102.83984891988524,0.16189998217745616,True,False
m00,716_2_719,716_2_719_sampling.prm,t0_err,A1,1.050997451533394,6.077260257129993e-11,5.782373923232007e-11,1.014149877492427,True,True
m00,716_2_719,716_2_719_sampling.prm,u0_err,A1,2.8635998784817884,0.009179729450792828,0.0032056606510472755,1.0086500846058568,True,True
m00,716_4_90,716_4_90_sampling.prm,alpha_err,A2,0.881705159173751,0.010916152311169824,0.012380728634274283,0.9775937175466186,True,True
m00,716_4_90,716_4_90_sampling.prm,log_q_err,A2,0.7460941062855071,0.014073128712537351,0.018862404345480786,0.8863029985052641,True,True
m00,716_4_90,716_4_90_sampling.prm,log_rho_err,A2,0.5293551394806054,0.05817939886761252,0.10990617551139145,0.2138571094936541,True,True
m00,716_4_90,716_4_90_sampling.prm,log_s_err,A2,0.5802101335461861,0.11598341479492447,0.19989898157421945,0.9857835449704511,True,True
m00,716_4_90,716_4_90_sampling.prm,log_tE_err,A1,2.2005593835576898,0.002554616199465236,0.0011608940065662467,0.9916884621343998,True,True
m00,716_4_90,716_4_90_sampling.prm,piEE_err,D,10.799444831854974,34.459949063438,3.190900050879649,0.21269756452022878,True,False
m00,716_4_90,716_4_90_sampling.prm,piEN_err,D,0.32409426604150743,13.615721092540294,42.01160748335023,0.6889813514945036,True,False
m00,716_4_90,716_4_90_sampling.prm,t0_err,A2,0.8881309643348503,1.363466021197611e-09,1.5352082924152457e-09,1.01406359466373,True,True
m00,716_4_90,716_4_90_sampling.prm,u0_err,A2,0.8992338287092393,0.01720088419337135,0.01912837756344366,1.0112189797721185,True,True
m00,717_5_702,717_5_702_sampling.prm,alpha_err,A2,0.647214929947753,0.006103549735111624,0.009430483526707795,0.9767625598532399,True,True
m00,717_5_702,717_5_702_sampling.prm,log_q_err,A2,0.5961987867782262,0.010327853098362576,0.01732283481181307,0.8852088532106126,True,True
m00,717_5_702,717_5_702_sampling.prm,log_rho_err,A2,0.18752007240696678,0.05328646385582891,0.28416405332962746,0.2993318731882759,True,True
m00,717_5_702,717_5_702_sampling.prm,log_s_err,A1,1.1502814713347949,0.019914112876284983,0.01731238255379051,1.0005178611430563,True,True
m00,717_5_702,717_5_702_sampling.prm,log_tE_err,A2,0.6572679580305077,0.010234135604591611,0.015570720403377071,0.9678320993213672,True,True
m00,717_5_702,717_5_702_sampling.prm,piEE_err,C,23.93060560818382,5.879892577191467,0.24570596638727155,0.8242647421969833,True,False
m00,717_5_702,717_5_702_sampling.prm,piEN_err,D,0.5297212907839542,9.648820558909508,18.21490041419679,0.6708764275094,True,False
m00,717_5_702,717_5_702_sampling.prm,t0_err,A2,0.6282731007422155,4.9762369092789754e-08,7.920499705303725e-08,0.7300342365509652,True,True
m00,717_5_702,717_5_702_sampling.prm,u0_err,A1,1.6609845219498134,0.022285981589274372,0.013417332488512942,0.9919949808074928,True,True
m00,755_0_851,755_0_851_sampling.prm,alpha_err,A2,0.7048173946357398,0.010170275571032172,0.014429660289936974,0.9654598944727383,True,True
m00,755_0_851,755_0_851_sampling.prm,log_q_err,A1,1.0709145387297034,0.008254684541207796,0.0077080702919575,0.9101410436661218,True,True
m00,755_0_851,755_0_851_sampling.prm,log_rho_err,A2,0.9190644922456797,0.007211071048863316,0.007846099060190532,0.881360723419325,True,True
m00,755_0_851,755_0_851_sampling.prm,log_s_err,A1,3.2124880797073305,0.03866310018815354,0.012035250942215447,0.9990440937181423,True,True
m00,755_0_851,755_0_851_sampling.prm,log_tE_err,A1,1.7534396380606145,0.00976625695432586,0.005569770833473226,0.9900941709569537,True,True
m00,755_0_851,755_0_851_sampling.prm,piEE_err,D,36.427153021625315,15.02756775057091,0.4125375304968153,0.8130904337062571,True,False
m00,755_0_851,755_0_851_sampling.prm,piEN_err,D,0.3571920341093919,8.405534373606608,23.53225596019975,0.8964625206485521,True,False
m00,755_0_851,755_0_851_sampling.prm,t0_err,A2,0.7299340486484874,5.156929837604862e-09,7.064925724664026e-09,1.0162799682708727,True,True
m00,755_0_851,755_0_851_sampling.prm,u0_err,A1,15.626518172119592,0.03748846432065017,0.002399028619666284,0.9947361875900333,True,True
m00,756_1_557,756_1_557_sampling.prm,alpha_err,A2,0.021074213459164833,0.001317890860040194,0.06253570803929884,0.9966939881039233,True,True
m00,756_1_557,756_1_557_sampling.prm,log_q_err,A2,0.19496646880711302,0.0021278524564999454,0.010913940584342748,0.9837573644192061,True,True
m00,756_1_557,756_1_557_sampling.prm,log_rho_err,A2,0.17836713917092287,0.0022433614095783714,0.012577212484350259,0.9705316571666907,True,True
m00,756_1_557,756_1_557_sampling.prm,log_s_err,A1,1.5864912233139155,0.010269554415106623,0.006473124001061434,1.0086876580133863,True,True
m00,756_1_557,756_1_557_sampling.prm,log_tE_err,A2,0.13522635459061982,0.008594792388999468,0.06355856012697439,0.9945469289498531,True,True
m00,756_1_557,756_1_557_sampling.prm,piEE_err,D,0.08091785855917794,49.522558274595035,612.0102429351555,0.4208760627791629,True,False
m00,756_1_557,756_1_557_sampling.prm,piEN_err,D,0.004074400745090555,40.22457235098301,9872.51251596976,0.5911257938512646,True,False
m00,756_1_557,756_1_557_sampling.prm,t0_err,A2,0.017793749817387097,1.2087466780053273e-10,6.793096960508037e-09,0.9985614526960791,True,True
m00,756_1_557,756_1_557_sampling.prm,u0_err,A2,0.4108253943086339,0.010297997723991576,0.025066604612701163,1.0052759777925817,True,True
m00,795_2_477,795_2_477_sampling.prm,alpha_err,A2,0.637220403488492,0.001997153057463341,0.0031341636999220935,0.9884312209383713,True,True
m00,795_2_477,795_2_477_sampling.prm,log_q_err,A2,0.7079164172489828,0.01270384350392819,0.01794540032465456,0.8424784438707692,True,True
m00,795_2_477,795_2_477_sampling.prm,log_rho_err,A2,0.42193176754858225,0.05422990013608066,0.12852765377481679,0.3823092947942426,True,True
m00,795_2_477,795_2_477_sampling.prm,log_s_err,A2,0.520683864404558,0.04109980781682099,0.07893428359609679,1.0093518588020032,True,True
m00,795_2_477,795_2_477_sampling.prm,log_tE_err,A2,0.6674548678827783,0.0027712071470683878,0.004151901919389523,0.9930246575247316,True,True
m00,795_2_477,795_2_477_sampling.prm,piEE_err,D,16.26645555611901,31.962519397420603,1.9649344804804234,0.7083685608672382,True,False
m00,795_2_477,795_2_477_sampling.prm,piEN_err,D,0.6146062016843437,108.09449139424257,175.8760180063379,0.1614807943138173,True,False
m00,795_2_477,795_2_477_sampling.prm,t0_err,A2,0.636437328513438,3.286727789793862e-09,5.164259924022456e-09,1.0105443949685329,True,True
m00,795_2_477,795_2_477_sampling.prm,u0_err,A2,0.6435205743777244,0.008049399496333704,0.012508379400483603,0.991928763157118,True,True
m00,795_5_229,795_5_229_sampling.prm,alpha_err,A1,1.6344654888635575,0.0020338906240642274,0.0012443766099205862,0.9940875441572279,True,True
m00,795_5_229,795_5_229_sampling.prm,log_q_err,A1,1.6828399155667602,0.0016080677495417365,0.0009555678675473768,0.9734707233826864,True,True
m00,795_5_229,795_5_229_sampling.prm,log_rho_err,A1,1.1739714761465718,0.0018054759635893632,0.0015379214915132633,0.9708674714167734,True,True
m00,795_5_229,795_5_229_sampling.prm,log_s_err,A1,2.0368334345723347,0.004596717042144169,0.0022567957517396716,1.0078004026144673,True,True
m00,795_5_229,795_5_229_sampling.prm,log_tE_err,A1,2.0612618585676983,0.003607931043474184,0.0017503506546136813,1.0007117647126382,True,True
m00,795_5_229,795_5_229_sampling.prm,piEE_err,C,21.012176382224755,2.3993174960704122,0.11418700530708062,0.7902797976701221,True,False
m00,795_5_229,795_5_229_sampling.prm,piEN_err,D,1.5824633660127172,7.340563228206614,4.638693941271069,0.4817830920708569,True,False
m00,795_5_229,795_5_229_sampling.prm,t0_err,A1,1.6165348552298444,3.6606054717826095e-09,2.264476673632955e-09,1.0034689704033222,True,True
m00,795_5_229,795_5_229_sampling.prm,u0_err,A1,2.6323516334839896,0.004665068183774325,0.0017722055535566803,0.9842136118544945,True,True
m00,796_3_61,796_3_61_sampling.prm,alpha_err,A2,0.4166887172701902,0.005166442203656918,0.012398805126050204,0.9950268838241931,True,True
m00,796_3_61,796_3_61_sampling.prm,log_q_err,A2,0.9403796978118031,0.006494625721858708,0.006906386576583098,0.95518002895171,True,True
m00,796_3_61,796_3_61_sampling.prm,log_rho_err,A2,0.7624441943530581,0.022209665114512275,0.029129561584972662,0.9293247028680741,True,True
m00,796_3_61,796_3_61_sampling.prm,log_s_err,C,1.099503002573795,0.3545899295482798,0.32250019210336883,1.0041334711571681,True,False
m00,796_3_61,796_3_61_sampling.prm,log_tE_err,A2,0.5224041216527138,0.0023385387603039745,0.004476493701668379,1.0025920500032726,True,True
m00,796_3_61,796_3_61_sampling.prm,piEE_err,C,79.02433264095588,6.711489780501822,0.0849294078951002,0.6765723673335937,True,False
m00,796_3_61,796_3_61_sampling.prm,piEN_err,D,0.20019787665049432,3.6560399969234627,18.262131737321976,0.8308756259428425,True,False
m00,796_3_61,796_3_61_sampling.prm,t0_err,A1,1.0468216721891856,1.5480335371254632e-10,1.4787939323878429e-10,1.012817838550503,True,True
m00,796_3_61,796_3_61_sampling.prm,u0_err,A1,2.6630850194116316,0.004421917912645054,0.001660449396250222,0.9953298611014795,True,True
m00,797_1_856,797_1_856_sampling.prm,alpha_err,A1,6.064221541890677,0.028540782155264566,0.004706421419156504,0.908758733446972,True,True
m00,797_1_856,797_1_856_sampling.prm,log_q_err,A1,1.0617849978178693,0.016250448816226712,0.01530483935036177,0.8016404360756783,True,True
m00,797_1_856,797_1_856_sampling.prm,log_rho_err,B,0.048627720813322124,0.05012352688684051,1.0307603574360533,0.07899844185685558,True,True
m00,797_1_856,797_1_856_sampling.prm,log_s_err,A1,1.7069772156291394,0.03524267205980398,0.020646246321931492,0.9968208566837636,True,True
m00,797_1_856,797_1_856_sampling.prm,log_tE_err,A1,5.005588824028042,0.01145262441060486,0.002287967472603719,0.981166545417327,True,True
m00,797_1_856,797_1_856_sampling.prm,piEE_err,C,37.22830484463273,4.721191220504902,0.12681724940762548,0.7839300406894779,True,False
m00,797_1_856,797_1_856_sampling.prm,piEN_err,D,1.9581953356180195,2.18731206942737,1.1170040238794867,0.9060836453574741,True,False
m00,797_1_856,797_1_856_sampling.prm,t0_err,A1,4.749180361403556,6.015254271896755e-08,1.2665878770961287e-08,0.6422810829992909,True,True
m00,797_1_856,797_1_856_sampling.prm,u0_err,A1,10.960267562447573,0.08166226741420395,0.007450754915326873,1.0043633702167916,True,True
m00,798_5_907,798_5_907_sampling.prm,alpha_err,A1,4.806529391575232,0.014859551336590116,0.0030915344786272554,0.9668620409342307,True,True
m00,798_5_907,798_5_907_sampling.prm,log_q_err,A1,1.2675690436814167,0.014010558484760167,0.011053092969254856,0.8296718588118652,True,True
m00,798_5_907,798_5_907_sampling.prm,log_rho_err,A1,1.0705187912983027,0.015211125553823498,0.014209115876775749,0.7342204292375454,True,True
m00,798_5_907,798_5_907_sampling.prm,log_s_err,A1,14.696172929552086,0.025322928715646613,0.0017230968114648072,0.9887641830057984,True,True
m00,798_5_907,798_5_907_sampling.prm,log_tE_err,A1,8.447422889389669,0.012854306184424331,0.0015216837552397074,0.982125206486661,True,True
m00,798_5_907,798_5_907_sampling.prm,piEE_err,D,1.908466377654746,0.8604252573997059,0.45084643223165155,0.9870236567076389,True,False
m00,798_5_907,798_5_907_sampling.prm,piEN_err,D,6.1716976134763675,8.23012409167248,1.333526787459804,0.8660352766068702,True,False
m00,798_5_907,798_5_907_sampling.prm,t0_err,A1,5.527768297111105,9.224635105435722e-08,1.6687810721474444e-08,0.5084781150339488,True,True
m00,798_5_907,798_5_907_sampling.prm,u0_err,A1,51.053066541925006,0.032870057219280414,0.0006438409961581323,0.9670191355895605,True,True
m00,799_1_699,799_1_699_sampling.prm,alpha_err,A2,0.9861698437526678,0.004267277907028966,0.004327122689932103,0.9706924157351194,True,True
m00,799_1_699,799_1_699_sampling.prm,log_q_err,A2,0.7343352964461657,0.016920306454050557,0.023041663033135967,0.8214143383905149,True,True
m00,799_1_699,799_1_699_sampling.prm,log_rho_err,B,0.03228774531864739,0.05438287623452215,1.6843194127622776,0.07401303401375905,True,True
m00,799_1_699,799_1_699_sampling.prm,log_s_err,A1,2.363155871981224,0.124402495375868,0.05264252639906117,0.9477198913607499,True,True
m00,799_1_699,799_1_699_sampling.prm,log_tE_err,A2,0.7463165061063162,0.023788217070203874,0.03187416716040733,0.9525674294851428,True,True
m00,799_1_699,799_1_699_sampling.prm,piEE_err,C,4.912219154177951,0.7210526411311255,0.14678755537970134,0.9282887584065758,True,False
m00,799_1_699,799_1_699_sampling.prm,piEN_err,B,0.28046154295067577,0.31779598687195215,1.1331178725200208,0.9662788995224416,True,True
m00,799_1_699,799_1_699_sampling.prm,t0_err,A2,0.5098667325586508,1.356595738550023e-07,2.6606869048746414e-07,0.25029981705412385,True,True
m00,799_1_699,799_1_699_sampling.prm,u0_err,A1,1.9785197521875144,0.10617132434972794,0.0536619986898496,0.853995293877043,True,True
m00,836_4_151,836_4_151_sampling.prm,alpha_err,A2,0.40695117667302577,0.004148001775170718,0.01019287328048083,0.9946215428894178,True,True
m00,836_4_151,836_4_151_sampling.prm,log_q_err,A2,0.5471294169374009,0.00958310642218273,0.01751524616575162,0.9111962861002578,True,True
m00,836_4_151,836_4_151_sampling.prm,log_rho_err,A2,0.9017166633754317,0.026635496923544576,0.02953865444145045,0.6426962313786723,True,True
m00,836_4_151,836_4_151_sampling.prm,log_s_err,A1,2.901029640482521,0.026789340352724584,0.009234424901728608,0.9997174197635679,True,True
m00,836_4_151,836_4_151_sampling.prm,log_tE_err,A2,0.6544181107349729,0.01714586382838972,0.026200167060067,0.9817656618288904,True,True
m00,836_4_151,836_4_151_sampling.prm,piEE_err,C,44.51952253814338,14.645269393560467,0.3289628585080335,0.7807060866139545,True,False
m00,836_4_151,836_4_151_sampling.prm,piEN_err,D,0.1066840581250873,3.21346603836702,30.121332979283785,0.8808388374086039,True,False
m00,836_4_151,836_4_151_sampling.prm,t0_err,A2,0.5485137066970377,3.771470942349455e-08,6.875800725309064e-08,0.9347726878369711,True,True
m00,836_4_151,836_4_151_sampling.prm,u0_err,A1,2.6253396336084864,0.028668489985815362,0.010919916653378287,0.9755931725468279,True,True
m00,836_5_33,836_5_33_sampling.prm,alpha_err,A1,1.9483372692210787,0.015223482489590823,0.007813576596867638,0.9728932217810354,True,True
m00,836_5_33,836_5_33_sampling.prm,log_q_err,A1,1.236873759522906,0.013633409186969276,0.01102247426788974,0.8473247107019916,True,True
m00,836_5_33,836_5_33_sampling.prm,log_rho_err,A2,0.6401705836022006,0.02286029167225072,0.035709687789178414,0.5603529383864284,True,True
m00,836_5_33,836_5_33_sampling.prm,log_s_err,A1,2.911781739600751,0.03493492942476691,0.011997784363314615,0.9812719066910156,True,True
m00,836_5_33,836_5_33_sampling.prm,log_tE_err,A1,5.041353390650302,0.013040293727505661,0.002586665269625851,0.973927904061979,True,True
m00,836_5_33,836_5_33_sampling.prm,piEE_err,D,5.053854986409618,6.7303993491704555,1.33173574771521,0.8477898571308307,True,False
m00,836_5_33,836_5_33_sampling.prm,piEN_err,D,1.3102678394823293,15.941772906393538,12.166804699023933,0.6783984489605294,True,False
m00,836_5_33,836_5_33_sampling.prm,t0_err,A1,1.4657099325920502,1.0344928336081378e-07,7.057964271134318e-08,0.5172281829538584,True,True
m00,836_5_33,836_5_33_sampling.prm,u0_err,A1,39.31861142223417,0.044066338048246355,0.001120750109281006,0.9778457593579367,True,True
m00,836_5_514,836_5_514_sampling.prm,alpha_err,A2,0.4543150481402285,0.0030893819721620197,0.006800087262811629,0.9836234390050995,True,True
m00,836_5_514,836_5_514_sampling.prm,log_q_err,A2,0.3499728870155669,0.007363561069009253,0.021040375818260803,0.9275979095010074,True,True
m00,836_5_514,836_5_514_sampling.prm,log_rho_err,A2,0.20831537327450478,0.05291640205095999,0.25402062852668156,0.2663642090923852,True,True
m00,836_5_514,836_5_514_sampling.prm,log_s_err,A1,2.1338819529157926,0.019124501294795163,0.008962305186874532,1.0021844334109697,True,True
m00,836_5_514,836_5_514_sampling.prm,log_tE_err,A2,0.39215317962293184,0.009714943459393995,0.024773338491696616,0.981549806889037,True,True
m00,836_5_514,836_5_514_sampling.prm,piEE_err,C,32.49804987015575,6.545412252170115,0.20140938543457118,0.6914175105506835,True,False
m00,836_5_514,836_5_514_sampling.prm,piEN_err,D,0.21913486566596035,7.379090274611637,33.67373901084276,0.6500772432769325,True,False
m00,836_5_514,836_5_514_sampling.prm,t0_err,A2,0.29885985327000497,3.30392390021266e-08,1.1055094433268457e-07,0.865332295181291,True,True
m00,836_5_514,836_5_514_sampling.prm,u0_err,A1,1.2461835241120391,0.020964679982997614,0.01682310797515629,0.9859666009787762,True,True
m00,836_5_515,836_5_515_sampling.prm,alpha_err,A2,0.8296248367922102,0.0018761201419690288,0.0022614078783166013,1.0008229679077636,True,True
m00,836_5_515,836_5_515_sampling.prm,log_q_err,A2,0.9453550140813533,0.004037439226153398,0.004270818016527655,0.9527934959918182,True,True
m00,836_5_515,836_5_515_sampling.prm,log_rho_err,A2,0.922627478123183,0.006085066302103348,0.006595366435954892,0.9179833239507984,True,True
m00,836_5_515,836_5_515_sampling.prm,log_s_err,A1,3.2360883494658697,0.007181635177467157,0.002219233346534719,0.9990712701912255,True,True
m00,836_5_515,836_5_515_sampling.prm,log_tE_err,A1,1.3129951158224162,0.0027505696615134877,0.0020948818684604345,0.9954440127036983,True,True
m00,836_5_515,836_5_515_sampling.prm,piEE_err,C,5.723808156778164,0.7756406145530871,0.135511287818857,0.9704420289171013,True,False
m00,836_5_515,836_5_515_sampling.prm,piEN_err,D,0.8578366631817437,2.147680858929228,2.5036011528854583,0.9355837576020452,True,False
m00,836_5_515,836_5_515_sampling.prm,t0_err,A2,0.9244504987434632,1.6380374573898894e-08,1.7719039143970955e-08,1.0032945602220442,True,True
m00,836_5_515,836_5_515_sampling.prm,u0_err,A1,9.57269974016199,0.008046323028956769,0.0008405489827701009,1.0156035523782851,True,True
m00,837_2_727,837_2_727_sampling.prm,alpha_err,A2,0.22125542562570139,0.006498240088493645,0.02936985644585612,0.9796318961078797,True,True
m00,837_2_727,837_2_727_sampling.prm,log_q_err,A2,0.6639142410360718,0.009787523093782741,0.014742149646479666,0.917805141635185,True,True
m00,837_2_727,837_2_727_sampling.prm,log_rho_err,A2,0.4469555555583162,0.013637143707427458,0.030511185145450467,0.823048935812079,True,True
m00,837_2_727,837_2_727_sampling.prm,log_s_err,A1,1.381916300287783,0.04932141586959354,0.03569059563109748,0.996837121999802,True,True
m00,837_2_727,837_2_727_sampling.prm,log_tE_err,A2,0.6279228060722017,0.03068636513961443,0.048869645827270616,0.9862637996770214,True,True
m00,837_2_727,837_2_727_sampling.prm,piEE_err,D,1.0673429152710354,40.956605732182716,38.3724903648069,0.21669992828498574,True,False
m00,837_2_727,837_2_727_sampling.prm,piEN_err,D,0.06857263290011902,46.81291486753782,682.6763518869723,0.08745927729589095,True,False
m00,837_2_727,837_2_727_sampling.prm,t0_err,A2,0.09415597352638991,6.415333427987157e-09,6.813517175507804e-08,0.9949120438482417,True,True
m00,837_2_727,837_2_727_sampling.prm,u0_err,A1,1.058019152131761,0.05449648154598839,0.051508029354842576,0.9499145680451139,True,True
m00,837_2_878,837_2_878_sampling.prm,alpha_err,A1,22.473887349908505,0.0405361096820287,0.0018036981787306916,0.7531743576594955,True,True
m00,837_2_878,837_2_878_sampling.prm,log_q_err,A1,1.1537520872035363,0.017372124458575007,0.015057068716279902,0.756633232443102,True,True
m00,837_2_878,837_2_878_sampling.prm,log_rho_err,A1,2.1757766271181698,0.06671846108552718,0.03066420525616925,0.5214813073693584,True,True
m00,837_2_878,837_2_878_sampling.prm,log_s_err,A1,2.9553172006648727,0.007026479700035766,0.002377572092246133,0.8354270967033293,True,True
m00,837_2_878,837_2_878_sampling.prm,log_tE_err,A1,1.9028028693858987,0.004028852351837872,0.0021173251400120724,0.9932402970087203,True,True
m00,837_2_878,837_2_878_sampling.prm,piEE_err,D,16.171733029660132,10.530758229796186,0.6511830371229856,0.6894855256745165,True,False
m00,837_2_878,837_2_878_sampling.prm,piEN_err,D,11.420274305875685,6.417076307745408,0.5619021168733092,0.7927052582644099,True,False
m00,837_2_878,837_2_878_sampling.prm,t0_err,A1,4.462532152188845,4.817777415529618e-08,1.0796062081404898e-08,0.7228243125415548,True,True
m00,837_2_878,837_2_878_sampling.prm,u0_err,A1,29.528367381481054,0.14102765606991818,0.004776005874214528,0.743753337367778,True,True
m00,838_2_920,838_2_920_sampling.prm,alpha_err,A1,3.0550692342138945,0.010857671615176923,0.0035539854526310693,0.967506451527762,True,True
m00,838_2_920,838_2_920_sampling.prm,log_q_err,A1,1.1408847507098994,0.007248203773661453,0.0063531428298532,0.9379241262202973,True,True
m00,838_2_920,838_2_920_sampling.prm,log_rho_err,B,0.11285549789224004,0.0755231848971316,0.669202531623624,0.16029314709617093,True,True
m00,838_2_920,838_2_920_sampling.prm,log_s_err,A1,2.1894629577408424,0.04564638921116395,0.020848212594682735,0.9721840999092861,True,True
m00,838_2_920,838_2_920_sampling.prm,log_tE_err,A1,3.013581770890813,0.013641010811468528,0.004526510925713575,0.9590979688696943,True,True
m00,838_2_920,838_2_920_sampling.prm,piEE_err,C,3.4909100983196524,0.5763271928313923,0.16509367947023532,0.953753289926337,True,False
m00,838_2_920,838_2_920_sampling.prm,piEN_err,D,0.9460061945187237,0.8933127120134978,0.944299009022839,0.9427020517888035,True,False
m00,838_2_920,838_2_920_sampling.prm,t0_err,A1,1.0017472158882588,1.376080031900158e-07,1.3736799165246242e-07,0.30724582603390305,True,True
m00,838_2_920,838_2_920_sampling.prm,u0_err,A1,2.5881656671960966,0.058546925812541936,0.022621011689707277,0.8695207009803231,True,True
m00,838_5_686,838_5_686_sampling.prm,alpha_err,A1,1.2753412198221359,0.0036169229963203264,0.0028360433585176183,0.9904660182422484,True,True
m00,838_5_686,838_5_686_sampling.prm,log_q_err,A1,1.2868725808803856,0.005237116735386386,0.004069646687011956,0.9645090746745368,True,True
m00,838_5_686,838_5_686_sampling.prm,log_rho_err,A1,1.9422543371101306,0.02020785649349187,0.010404330734335764,0.7694096099933192,True,True
m00,838_5_686,838_5_686_sampling.prm,log_s_err,A1,1.2391741634076947,0.2469269093462776,0.1992673157962198,0.9968332530905516,True,True
m00,838_5_686,838_5_686_sampling.prm,log_tE_err,A1,2.365929158155831,0.00196469694595608,0.000830412415005486,0.994861428416214,True,True
m00,838_5_686,838_5_686_sampling.prm,piEE_err,C,72.43827480281425,12.136240700295748,0.16753906320011158,0.7789851463332793,True,False
m00,838_5_686,838_5_686_sampling.prm,piEN_err,D,0.5606123661339434,10.051359275171995,17.92925001724006,0.8187076777933984,True,False
m00,838_5_686,838_5_686_sampling.prm,t0_err,A1,1.0414861343378787,2.8591034094299243e-11,2.745215049115934e-11,1.00716184120266,True,True
m00,838_5_686,838_5_686_sampling.prm,u0_err,A1,2.6566502312378306,0.006461859268137062,0.0024323334672198254,0.9911007635583371,True,True
m00,839_4_276,839_4_276_sampling.prm,alpha_err,A2,0.8054640901259553,0.00773827683555478,0.009607227597625983,0.972715969944432,True,True
m00,839_4_276,839_4_276_sampling.prm,log_q_err,A2,0.7998901513440881,0.01327223949996682,0.016592577715408712,0.885139310768144,True,True
m00,839_4_276,839_4_276_sampling.prm,log_rho_err,A2,0.2849054295995264,0.07670463612451493,0.2692284110988471,0.24005469409665198,True,True
m00,839_4_276,839_4_276_sampling.prm,log_s_err,A2,0.5406511100404634,0.017050842013429005,0.03153760659467227,0.9871033003249085,True,True
m00,839_4_276,839_4_276_sampling.prm,log_tE_err,A2,0.9244442525588437,0.004338941865253709,0.0046935678957856055,0.9940196254375157,True,True
m00,839_4_276,839_4_276_sampling.prm,piEE_err,D,12.981810670344009,26.372425304159187,2.0314905196087207,0.5691916913461544,True,False
m00,839_4_276,839_4_276_sampling.prm,piEN_err,D,0.6396882312311747,34.4701875165765,53.88591791071961,0.4381414496407915,True,False
m00,839_4_276,839_4_276_sampling.prm,t0_err,A2,0.8006630014744023,1.8464229966458762e-08,2.306117546640386e-08,0.8755712310448668,True,True
m00,839_4_276,839_4_276_sampling.prm,u0_err,A1,1.0028674753048739,0.009447347315799243,0.00942033473857274,0.9853559243566969,True,True
m00,839_5_328,839_5_328_sampling.prm,alpha_err,A1,1.2126913723006942,0.00582756574661758,0.00480548132832976,0.9900363677717195,True,True
m00,839_5_328,839_5_328_sampling.prm,log_q_err,A2,0.6463874296450117,0.009383782399671213,0.014517272411724767,0.9007804654383955,True,True
m00,839_5_328,839_5_328_sampling.prm,log_rho_err,A2,0.31091107412333824,0.05368974893160331,0.17268522545550957,0.14338600742193075,True,True
m00,839_5_328,839_5_328_sampling.prm,log_s_err,A2,0.4832172077372367,0.08699130575879457,0.18002526475857333,0.9929308284346926,True,True
m00,839_5_328,839_5_328_sampling.prm,log_tE_err,A1,3.0011985859569363,0.002239703027984678,0.0007462695199393297,1.0057707574284476,True,True
m00,839_5_328,839_5_328_sampling.prm,piEE_err,C,12.626370551015162,0.8586281344223793,0.06800276698305402,0.9585172761353373,True,False
m00,839_5_328,839_5_328_sampling.prm,piEN_err,D,2.9457728252780013,3.4469598606117344,1.1701377075085329,0.849103109193398,True,False
m00,839_5_328,839_5_328_sampling.prm,t0_err,A1,2.561159619037561,3.5013337419090983e-10,1.3670892340653248e-10,1.0098638394541382,True,True
m00,839_5_328,839_5_328_sampling.prm,u0_err,A1,2.3597886901718446,0.008021798934260216,0.0033993717181838227,0.9993324986082683,True,True
m00,84_0_172,84_0_172_sampling.prm,alpha_err,A1,11.044407039480804,0.03704548373954708,0.003354230209654477,0.856318573233545,True,True
m00,84_0_172,84_0_172_sampling.prm,log_q_err,A1,1.6510503759227377,0.021205729587710376,0.012843781084425687,0.6574336205422674,True,True
m00,84_0_172,84_0_172_sampling.prm,log_rho_err,B,0.20871571536366304,0.0732040036491349,0.3507354658061343,0.4995597070599743,True,True
m00,84_0_172,84_0_172_sampling.prm,log_s_err,A1,6.367609029896186,0.06379871037996356,0.010019256848281042,0.9112199564052837,True,True
m00,84_0_172,84_0_172_sampling.prm,log_tE_err,A1,13.281971939014054,0.022748395591445727,0.0017127272739242351,0.9362770132499375,True,True
m00,84_0_172,84_0_172_sampling.prm,piEE_err,A1,14.618946760554106,0.2348797644987088,0.016066804835248343,0.9902608360680301,True,True
m00,84_0_172,84_0_172_sampling.prm,piEN_err,C,32.65289362306973,0.7354643739963217,0.022523712063199988,0.9489922398356082,True,False
m00,84_0_172,84_0_172_sampling.prm,t0_err,A1,1.751122669343353,1.4436059114358556e-07,8.243887973748795e-08,0.5582785972311918,True,True
m00,84_0_172,84_0_172_sampling.prm,u0_err,A1,5.152630528002357,0.05694088685703672,0.011050838314058654,0.8985734990215518,True,True
m00,84_3_388,84_3_388_sampling.prm,alpha_err,A1,4.825319539449104,0.006759422881073007,0.001400823888617481,0.9881075884394904,True,True
m00,84_3_388,84_3_388_sampling.prm,log_q_err,A1,1.1623799044011875,0.028786883238616133,0.024765468784877183,0.6964177538701811,True,True
m00,84_3_388,84_3_388_sampling.prm,log_rho_err,A1,1.4344331113743216,0.013097512670461466,0.009130793598254867,0.8083274988844092,True,True
m00,84_3_388,84_3_388_sampling.prm,log_s_err,A1,22.19453848990137,0.07069678783452174,0.0031853236266520773,0.9761290691800547,True,True
m00,84_3_388,84_3_388_sampling.prm,log_tE_err,A1,2.9620542423082465,0.02888262314568095,0.009750875839185687,0.96237419477567,True,True
m00,84_3_388,84_3_388_sampling.prm,piEE_err,D,20.63351723598724,52.72683996076097,2.5553975775297904,0.27127898690084207,True,False
m00,84_3_388,84_3_388_sampling.prm,piEN_err,D,1.0503549066612328,40.47176845950338,38.531517492645555,0.4109228852439172,True,False
m00,84_3_388,84_3_388_sampling.prm,t0_err,A1,2.7115511500562217,3.4627677585669355e-08,1.2770431265864698e-08,0.8248636146731472,True,True
m00,84_3_388,84_3_388_sampling.prm,u0_err,A1,24.153778228566917,0.07271840665193088,0.0030106431368126948,0.866567696782975,True,True
m00,85_5_979,85_5_979_sampling.prm,alpha_err,A1,3.005350938544048,0.01471039035165056,0.00489473297876389,0.9789446560799356,True,True
m00,85_5_979,85_5_979_sampling.prm,log_q_err,A1,2.1450647413713875,0.0056776513945915215,0.002646843838830558,0.947690268741096,True,True
m00,85_5_979,85_5_979_sampling.prm,log_rho_err,A1,1.7681612392446768,0.006006790281578265,0.003397195995623253,0.9677340102050245,True,True
m00,85_5_979,85_5_979_sampling.prm,log_s_err,A1,8.305366802331429,0.006292747562563946,0.0007576724438946499,0.9952055505277607,True,True
m00,85_5_979,85_5_979_sampling.prm,log_tE_err,A1,3.2348822254917686,0.012877866465595769,0.00398093827469656,0.9839022316177201,True,True
m00,85_5_979,85_5_979_sampling.prm,piEE_err,C,33.37130309571889,2.8825487775887924,0.08637807068308896,0.928961235638506,True,False
m00,85_5_979,85_5_979_sampling.prm,piEN_err,D,1.2279868224332207,1.1086618811159226,0.9028288096114424,0.9511894219699399,True,False
m00,85_5_979,85_5_979_sampling.prm,t0_err,A1,2.657527086320547,3.736946468516332e-08,1.4061743670467286e-08,1.0421731970081436,True,True
m00,85_5_979,85_5_979_sampling.prm,u0_err,A1,18.18144710170378,0.006617708947922828,0.000363981420780455,0.9962689988086674,True,True
m00,86_5_358,86_5_358_sampling.prm,alpha_err,A2,0.6269585582595303,0.006501949244592353,0.010370620448410663,0.9850950165571191,True,True
m00,86_5_358,86_5_358_sampling.prm,log_q_err,A2,0.6830279554781656,0.0060998010451575576,0.008930529118515046,0.9218336659903758,True,True
m00,86_5_358,86_5_358_sampling.prm,log_rho_err,A2,0.8451969066200273,0.008946390347607289,0.010584977627739108,0.8627297816395552,True,True
m00,86_5_358,86_5_358_sampling.prm,log_s_err,A1,3.4735218994262427,0.02951300991210383,0.008496566530062411,0.9983479843622849,True,True
m00,86_5_358,86_5_358_sampling.prm,log_tE_err,A2,0.7901946242821943,0.011364581165788045,0.014382002631454912,0.9808806326402575,True,True
m00,86_5_358,86_5_358_sampling.prm,piEE_err,D,93.57804223967933,104.77778680281217,1.119683467350676,0.29997082043003853,True,False
m00,86_5_358,86_5_358_sampling.prm,piEN_err,D,0.1794881393652923,29.858864888259568,166.35564329680378,0.7583618580702743,True,False
m00,86_5_358,86_5_358_sampling.prm,t0_err,A2,0.6909220800845584,2.5129564262879923e-09,3.6371053968639195e-09,1.015430930173108,True,True
m00,86_5_358,86_5_358_sampling.prm,u0_err,A1,9.096213391536114,0.027087346759324837,0.0029778706362066218,0.9927433768728955,True,True
m00,875_1_304,875_1_304_sampling.prm,alpha_err,A1,1.733573043337029,0.0020534415684017038,0.0011845140164667917,0.9886915923910482,True,True
m00,875_1_304,875_1_304_sampling.prm,log_q_err,A1,3.43125508092996,0.01176699946230382,0.0034293572423985037,0.8373507624257213,True,True
m00,875_1_304,875_1_304_sampling.prm,log_rho_err,A1,1.221617171279979,0.01196483330122593,0.009794257630391268,0.7797520876364892,True,True
m00,875_1_304,875_1_304_sampling.prm,log_s_err,A1,5.512099046936393,0.01837450547533689,0.003333486085586467,1.002638398833638,True,True
m00,875_1_304,875_1_304_sampling.prm,log_tE_err,A1,7.540560896784418,0.008500649585592265,0.0011273232458366943,0.9841159106343115,True,True
m00,875_1_304,875_1_304_sampling.prm,piEE_err,D,12.923344016710562,6.219724574747075,0.4812782641013537,0.8511624484191449,True,False
m00,875_1_304,875_1_304_sampling.prm,piEN_err,D,9.173007210636447,11.64458525917518,1.2694403254881175,0.7105568596667862,True,False
m00,875_1_304,875_1_304_sampling.prm,t0_err,A1,25.24181431400711,4.9582343963392815e-08,1.964293982460632e-09,0.7499333208976522,True,True
m00,875_1_304,875_1_304_sampling.prm,u0_err,A1,12.95119256514161,0.03435354740871339,0.0026525393114126524,0.9695451648791066,True,True
m00,875_4_892,875_4_892_sampling.prm,alpha_err,A1,3.628354538691836,0.01004047140958253,0.002767224454642879,0.9843078610636059,True,True
m00,875_4_892,875_4_892_sampling.prm,log_q_err,A1,1.16491678559795,0.0029934270940242995,0.0025696488633630407,0.9774063797558302,True,True
m00,875_4_892,875_4_892_sampling.prm,log_rho_err,A2,0.9202725702486314,0.002203380129726683,0.0023942690469752805,0.9616163018144886,True,True
m00,875_4_892,875_4_892_sampling.prm,log_s_err,A1,1.0658543114375887,0.05292557155823854,0.04965554015243819,0.9952258514029354,True,True
m00,875_4_892,875_4_892_sampling.prm,log_tE_err,A1,3.2994015243491726,0.0014912961663131948,0.0004519899003827254,1.0137864354048192,True,True
m00,875_4_892,875_4_892_sampling.prm,piEE_err,C,78.60969501355532,7.137349707918059,0.0907947767344385,0.7958946250066673,True,False
m00,875_4_892,875_4_892_sampling.prm,piEN_err,D,1.6425539779991152,2.2160418816951384,1.349144022892094,0.9254328671803291,True,False
m00,875_4_892,875_4_892_sampling.prm,t0_err,A1,5.825896828900729,7.38193098103925e-10,1.267089204947717e-10,0.991602226278453,True,True
m00,875_4_892,875_4_892_sampling.prm,u0_err,A1,5.602296344630479,0.029018937194320617,0.005179829021742811,0.9914481517583683,True,True
m00,876_3_554,876_3_554_sampling.prm,alpha_err,A2,0.09281624613645854,0.0015114188118912075,0.016283989870362975,0.9928935500298889,True,True
m00,876_3_554,876_3_554_sampling.prm,log_q_err,A2,0.4261045289534767,0.004365103679803388,0.01024420859952883,0.9623072784667069,True,True
m00,876_3_554,876_3_554_sampling.prm,log_rho_err,A2,0.5325946493936216,0.0043640197681903995,0.008193885862651821,0.9408537617737118,True,True
m00,876_3_554,876_3_554_sampling.prm,log_s_err,A2,0.671884838542419,0.1379319222406538,0.20529101763909735,0.9970439553496204,True,True
m00,876_3_554,876_3_554_sampling.prm,log_tE_err,A1,2.6609539956338644,0.01131049067223475,0.004250539727779279,0.9905020896230278,True,True
m00,876_3_554,876_3_554_sampling.prm,piEE_err,D,3.2315612166818233,29.575915354973855,9.152206432698339,0.43451388379659317,True,False
m00,876_3_554,876_3_554_sampling.prm,piEN_err,D,0.053456830141099275,39.098839589752835,731.4096156945982,0.2625822720253613,True,False
m00,876_3_554,876_3_554_sampling.prm,t0_err,A2,0.9930572963097971,3.266524096527065e-11,3.2893611563657755e-11,1.0204533177435986,True,True
m00,876_3_554,876_3_554_sampling.prm,u0_err,A1,2.356459740386062,0.026885991199800216,0.011409484634520193,0.9871802754284671,True,True
m00,876_4_981,876_4_981_sampling.prm,alpha_err,A2,0.07472788705915696,0.0023923802244185666,0.0320145573301796,0.9906658903590994,True,True
m00,876_4_981,876_4_981_sampling.prm,log_q_err,A2,0.8127486322515121,0.015379986621554615,0.018923423566949968,0.8917943649316785,True,True
m00,876_4_981,876_4_981_sampling.prm,log_rho_err,A1,1.3479957192250982,0.026610372062724957,0.019740694783527992,0.7106367037897022,True,True
m00,876_4_981,876_4_981_sampling.prm,log_s_err,D,1.2509889809176462,0.47134421752907824,0.37677727359623103,0.9849348580484069,True,False
m00,876_4_981,876_4_981_sampling.prm,log_tE_err,A2,0.3929144549384473,0.0062179269468907545,0.015825141754748712,0.9991051531176189,True,True
m00,876_4_981,876_4_981_sampling.prm,piEE_err,D,0.06992039589994394,14.63822788415349,209.35562071331506,0.7829234279758605,True,False
m00,876_4_981,876_4_981_sampling.prm,piEN_err,D,0.007866793093923395,62.9248819925241,7998.797126255884,0.039982404475501235,False,False
m00,876_4_981,876_4_981_sampling.prm,t0_err,A1,1.0392512798132436,2.7203456906248208e-11,2.617601482399593e-11,1.0005498361951226,True,True
m00,876_4_981,876_4_981_sampling.prm,u0_err,A1,1.7855584089249277,0.008602435465976178,0.004817784410175439,0.9979461199344467,True,True
m00,878_0_966,878_0_966_sampling.prm,alpha_err,A2,0.20076119448085158,0.01009896234787222,0.05030335854489773,0.9694335991009744,True,True
m00,878_0_966,878_0_966_sampling.prm,log_q_err,A2,0.42631226433467745,0.011132374922173326,0.02611319413844925,0.8950828485840194,True,True
m00,878_0_966,878_0_966_sampling.prm,log_rho_err,B,0.17966002793699085,0.0628887962644228,0.35004334011613714,0.2928253819891311,True,True
m00,878_0_966,878_0_966_sampling.prm,log_s_err,A2,0.4514216700613189,0.019021120484175168,0.04213603764655656,1.0052019950771784,True,True
m00,878_0_966,878_0_966_sampling.prm,log_tE_err,A2,0.21740765774498358,0.007614264827661377,0.03502298358134567,0.9992429391021626,True,True
m00,878_0_966,878_0_966_sampling.prm,piEE_err,D,3.058390509218578,6.342374234894421,2.073762070532616,0.8839460979295728,True,False
m00,878_0_966,878_0_966_sampling.prm,piEN_err,D,0.20091625698294668,40.35083628842853,200.83410319481226,0.28353466785639425,True,False
m00,878_0_966,878_0_966_sampling.prm,t0_err,A2,0.20151788832905607,2.1577230764810198e-08,1.0707352555013381e-07,0.886975185744029,True,True
m00,878_0_966,878_0_966_sampling.prm,u0_err,A2,0.4933047772339402,0.015213304478711024,0.030839564465633403,1.0056488343402525,True,True
m00,878_1_731,878_1_731_sampling.prm,alpha_err,A1,4.063430478765717,0.014142254686113576,0.003480373236361937,0.9951916038760569,True,True
m00,878_1_731,878_1_731_sampling.prm,log_q_err,A1,1.5032883055419646,0.010733367851990857,0.0071399263949713685,0.9551132471728634,True,True
m00,878_1_731,878_1_731_sampling.prm,log_rho_err,A2,0.37176371575519057,0.0357796696570677,0.09624303863109895,0.7162916220652307,True,True
m00,878_1_731,878_1_731_sampling.prm,log_s_err,D,0.9172359098064823,0.7157900689447741,0.7803772849405678,0.9907801014615834,True,False
m00,878_1_731,878_1_731_sampling.prm,log_tE_err,A1,2.350679913888536,0.003889990851744092,0.0016548364704019618,1.0011468229571625,True,True
m00,878_1_731,878_1_731_sampling.prm,piEE_err,A1,43.14178647534419,0.22896706185543675,0.005307315263504281,1.0094760860404621,True,True
m00,878_1_731,878_1_731_sampling.prm,piEN_err,C,2.967411493248438,0.35739762824491483,0.12044087213993707,0.9856847877919204,True,False
m00,878_1_731,878_1_731_sampling.prm,t0_err,A1,1.120747112150812,1.1051567253099397e-09,9.860892910881983e-10,1.0128672045651326,True,True
m00,878_1_731,878_1_731_sampling.prm,u0_err,A1,1.4487242821015096,0.015505987073177364,0.010703200922872975,1.0057485718616184,True,True
m00,879_3_137,879_3_137_sampling.prm,alpha_err,A2,0.2728595981689235,0.004867433881261984,0.01783860239451289,0.9826568186519693,True,True
m00,879_3_137,879_3_137_sampling.prm,log_q_err,A2,0.8780857612515902,0.008709528383891106,0.009918767355339954,0.9066563609336038,True,True
m00,879_3_137,879_3_137_sampling.prm,log_rho_err,A2,0.6331080180221405,0.02366559348273715,0.03738002490739193,0.7602353703750984,True,True
m00,879_3_137,879_3_137_sampling.prm,log_s_err,A2,0.9348990374249725,0.021719622550700465,0.02323205146357155,0.9938240320440829,True,True
m00,879_3_137,879_3_137_sampling.prm,log_tE_err,A2,0.28760483721344604,0.002903673478512069,0.010096052300946198,0.9972433391844304,True,True
m00,879_3_137,879_3_137_sampling.prm,piEE_err,D,1.259204834165019,7.099679869994609,5.6382247568978086,0.915179996329605,True,False
m00,879_3_137,879_3_137_sampling.prm,piEN_err,D,0.27566261741748915,81.50135197040217,295.6561638060954,0.15457692851590912,True,False
m00,879_3_137,879_3_137_sampling.prm,t0_err,A2,0.27510791942164997,4.578443966232115e-09,1.6642356119217586e-08,1.0117064663937618,True,True
m00,879_3_137,879_3_137_sampling.prm,u0_err,A2,0.35924490713821994,0.004439838517221244,0.012358807122944154,0.9969080252070927,True,True
m00,87_5_348,87_5_348_sampling.prm,alpha_err,A2,0.8543076038558138,0.012145950273698136,0.014217303251052504,0.9838520501354397,True,True
m00,87_5_348,87_5_348_sampling.prm,log_q_err,A2,0.7916769530668236,0.0060010122730208264,0.00758012753784724,0.9401261173812425,True,True
m00,87_5_348,87_5_348_sampling.prm,log_rho_err,B,0.11970264744713015,0.07889369590730934,0.6590806267852584,0.19334436346813774,True,True
m00,87_5_348,87_5_348_sampling.prm,log_s_err,A1,2.961199413678912,0.03456157129952739,0.011671477152087184,0.9838984233118292,True,True
m00,87_5_348,87_5_348_sampling.prm,log_tE_err,A1,2.3975437639563744,0.011495034537986726,0.004794504572053305,0.9901384980606411,True,True
m00,87_5_348,87_5_348_sampling.prm,piEE_err,A1,2.7374591836896522,0.299729473146424,0.10949185103188906,0.9690737284727682,True,True
m00,87_5_348,87_5_348_sampling.prm,piEN_err,D,0.66028815606627,0.4330250474606628,0.655812229073517,0.9740260908825297,True,False
m00,87_5_348,87_5_348_sampling.prm,t0_err,A2,0.6390828111344784,4.493165108648367e-08,7.030646154717025e-08,0.7760959894136746,True,True
m00,87_5_348,87_5_348_sampling.prm,u0_err,A1,3.2425295737971105,0.05268958005799492,0.01624952952897625,0.9176268069818675,True,True
m00,8_5_774,8_5_774_sampling.prm,alpha_err,A2,0.7465295056915247,0.016013745329370277,0.021450920837397358,0.9575363379282545,True,True
m00,8_5_774,8_5_774_sampling.prm,log_q_err,A2,0.7518841852147023,0.021296909835757844,0.028324721086767455,0.7618334841488169,True,True
m00,8_5_774,8_5_774_sampling.prm,log_rho_err,B,0.04942935761181211,0.06071436441395411,1.2283057548667238,0.09819953218712804,True,True
m00,8_5_774,8_5_774_sampling.prm,log_s_err,A1,7.645924331329576,0.08728918453155682,0.011416433219706975,0.9553585666803895,True,True
m00,8_5_774,8_5_774_sampling.prm,log_tE_err,A1,1.1255571862577576,0.03901104511935549,0.03465931859851481,0.9275255424101497,True,True
m00,8_5_774,8_5_774_sampling.prm,piEE_err,D,9.857419180422347,10.628615187407362,1.0782350829227871,0.34128801228638217,True,False
m00,8_5_774,8_5_774_sampling.prm,piEN_err,D,0.4669053750398293,8.548165758271395,18.308133114856933,0.47538967093656437,True,False
m00,8_5_774,8_5_774_sampling.prm,t0_err,A2,0.7372699424905437,7.622336577832406e-08,1.0338596677471591e-07,0.5903812253069083,True,True
m00,8_5_774,8_5_774_sampling.prm,u0_err,A1,9.86749861839711,0.09785452180017098,0.009916851836972093,0.85519499469398,True,True
m00,915_5_842,915_5_842_sampling.prm,alpha_err,A1,57.58971541655799,0.0571617757288565,0.0009925691647439804,0.3298581070478981,True,True
m00,915_5_842,915_5_842_sampling.prm,log_q_err,A1,12.122505841674085,0.06690175962250289,0.005518806135981529,0.607091493011881,True,True
m00,915_5_842,915_5_842_sampling.prm,log_rho_err,B,0.033064008664310036,0.044450656733405806,1.3443819587848933,0.2066716553540757,True,True
m00,915_5_842,915_5_842_sampling.prm,log_s_err,C,133.630891922949,0.4146947656247061,0.0031032851734898045,0.32728531199787536,True,False
m00,915_5_842,915_5_842_sampling.prm,log_tE_err,A1,234.9725225092134,0.0060796548882019585,2.5873897182865592e-05,0.9815886234248976,True,True
m00,915_5_842,915_5_842_sampling.prm,piEE_err,C,5.847978796143558,0.3600261225008024,0.06156419765718391,0.9776122302750465,True,False
m00,915_5_842,915_5_842_sampling.prm,piEN_err,B,0.2541547931609494,0.2019160561523278,0.7944609410708998,0.9952973994392936,True,True
m00,915_5_842,915_5_842_sampling.prm,t0_err,A2,0.27906004937330076,8.788688901385392e-08,3.149389861115052e-07,0.3508560914252914,True,True
m00,915_5_842,915_5_842_sampling.prm,u0_err,A1,6.359144621771446,0.025599744389711323,0.004025658467031386,0.9689484436280132,True,True
m00,916_3_382,916_3_382_sampling.prm,alpha_err,A2,0.29753984241229703,0.0010338232771311961,0.003474570896957863,1.0002839338764686,True,True
m00,916_3_382,916_3_382_sampling.prm,log_q_err,A2,0.1687805401165194,0.00324336880372754,0.01921648551123516,0.9724808627048642,True,True
m00,916_3_382,916_3_382_sampling.prm,log_rho_err,A2,0.15663047540121097,0.002284080339728713,0.014582604910557871,0.9728808164000267,True,True
m00,916_3_382,916_3_382_sampling.prm,log_s_err,A2,0.4430829845184166,0.019855553265174568,0.04481226758629744,1.0083899074339708,True,True
m00,916_3_382,916_3_382_sampling.prm,log_tE_err,A2,0.13593837347097132,0.004601916946741264,0.03385296461358625,1.0076128281688064,True,True
m00,916_3_382,916_3_382_sampling.prm,piEE_err,D,2.857612514184194,8.388137550583435,2.935365627406669,0.565557554862386,True,False
m00,916_3_382,916_3_382_sampling.prm,piEN_err,D,0.034242166812930554,4.972495217705294,145.21555381908766,0.7387327983098023,True,False
m00,916_3_382,916_3_382_sampling.prm,t0_err,A2,0.08734308203891906,6.256710987721848e-10,7.163373265136133e-09,1.012336393749994,True,True
m00,916_3_382,916_3_382_sampling.prm,u0_err,A1,1.4654762992650379,0.013872235177612819,0.009466024926209989,0.9970522293001135,True,True
m00,917_0_378,917_0_378_sampling.prm,alpha_err,A1,13.44256848438667,0.004525468251294296,0.0003366520510236236,0.9897908578181751,True,True
m00,917_0_378,917_0_378_sampling.prm,log_q_err,A1,1.5917089623484229,0.0036948045639619126,0.002321281497661835,0.9612990587490337,True,True
m00,917_0_378,917_0_378_sampling.prm,log_rho_err,A1,1.2915428735360077,0.041553555840696636,0.032173578355111525,0.9895250609431769,True,True
m00,917_0_378,917_0_378_sampling.prm,log_s_err,A1,1.1413502326342642,0.008735199397840525,0.007653390824374279,0.9989829390652145,True,True
m00,917_0_378,917_0_378_sampling.prm,log_tE_err,A1,6.367336660386923,0.004795127189683115,0.0007530820883894854,0.9920723260688422,True,True
m00,917_0_378,917_0_378_sampling.prm,piEE_err,C,444.26730564563064,2.638712349942747,0.005939470036193735,0.8661514414899992,True,False
m00,917_0_378,917_0_378_sampling.prm,piEN_err,C,6.5983714117076655,1.7643476832028029,0.267391386921972,0.9088679129149859,True,False
m00,917_0_378,917_0_378_sampling.prm,t0_err,A1,3.6652587551529545,1.1022967173027936e-09,3.0074185506086967e-10,1.0072983541969007,True,True
m00,917_0_378,917_0_378_sampling.prm,u0_err,A1,1.3300722226024215,0.0021035494536559237,0.0015815302491921192,1.0095961359184293,True,True
m00,918_4_51,918_4_51_sampling.prm,alpha_err,A2,0.745273933070154,0.028818854698797414,0.03866880809862518,0.934622556198209,True,True
m00,918_4_51,918_4_51_sampling.prm,log_q_err,A1,1.215670037316024,0.005916679084912378,0.004867010704627809,0.9394397808840081,True,True
m00,918_4_51,918_4_51_sampling.prm,log_rho_err,A1,1.4575690714651524,0.0076433128250656185,0.0052438769281668,0.8736407627831272,True,True
m00,918_4_51,918_4_51_sampling.prm,log_s_err,A2,0.9714076978294145,0.05127796020035754,0.052787269768333964,0.9993570778244658,True,True
m00,918_4_51,918_4_51_sampling.prm,log_tE_err,A1,3.312922036940997,0.012480879940478825,0.0037673328262210204,0.9934811410288952,True,True
m00,918_4_51,918_4_51_sampling.prm,piEE_err,C,35.050015951582004,4.301363819532017,0.12272073785854788,0.7883107150304526,True,False
m00,918_4_51,918_4_51_sampling.prm,piEN_err,D,0.3117592642281738,1.8536378174201724,5.945734514126617,0.9192814282142889,True,False
m00,918_4_51,918_4_51_sampling.prm,t0_err,A2,0.7905522673599492,1.9691800148711912e-09,2.4908916161195407e-09,1.0070625474019896,True,True
m00,918_4_51,918_4_51_sampling.prm,u0_err,A2,0.7194804555994968,0.18670344268042177,0.25949758777652104,0.9966156572451425,True,True
m00,918_5_921,918_5_921_sampling.prm,alpha_err,A1,10.712797203834114,0.04445875082232975,0.004150059968130261,0.8682791237809774,True,True
m00,918_5_921,918_5_921_sampling.prm,log_q_err,A2,0.5772590249441341,0.013782784890130894,0.023876257095269776,0.8698952218713519,True,True
m00,918_5_921,918_5_921_sampling.prm,log_rho_err,A2,0.45743253870727174,0.04022317534375934,0.08793247515236266,0.39276035846958973,True,True
m00,918_5_921,918_5_921_sampling.prm,log_s_err,A1,17.238361201771987,0.062005328821096044,0.0035969387168150483,0.9939570916970885,True,True
m00,918_5_921,918_5_921_sampling.prm,log_tE_err,A1,2.6816264328903716,0.03984500061730276,0.014858520235555749,0.9580074404234751,True,True
m00,918_5_921,918_5_921_sampling.prm,piEE_err,D,2.388365809261541,26.287008627161484,11.006274049488745,0.21160068822943226,True,False
m00,918_5_921,918_5_921_sampling.prm,piEN_err,C,51.00199465213291,16.94802849484974,0.3323012876348547,0.5230557048859226,True,False
m00,918_5_921,918_5_921_sampling.prm,t0_err,A1,1.3675574081099808,6.058034376454745e-08,4.4298208912686105e-08,0.7391041781778349,True,True
m00,918_5_921,918_5_921_sampling.prm,u0_err,A1,154.81465839136433,0.2910418166679481,0.0018799370789050723,0.8269228467266309,True,True
m10,127_1_564,127_1_564_sampling.prm,alpha_err,A1,1.2712438311302645,0.0018873770907117393,0.0014846696160827541,0.995897381130707,True,True
m10,127_1_564,127_1_564_sampling.prm,log_q_err,A2,0.6422614918106382,0.020814495114975153,0.03240813185965073,0.8063640357759021,True,True
m10,127_1_564,127_1_564_sampling.prm,log_rho_err,B,0.004921489691375145,0.0536582170850926,10.902840491391869,0.15446636777918554,True,True
m10,127_1_564,127_1_564_sampling.prm,log_s_err,A1,2.501284270172886,0.12315426321271883,0.049236412142873526,0.946502779294325,True,True
m10,127_1_564,127_1_564_sampling.prm,log_tE_err,A2,0.7513522510021299,0.030973348803837383,0.04122347242924489,0.9271639533279508,True,True
m10,127_1_564,127_1_564_sampling.prm,piEE_err,C,9.067778653576156,1.0245519865638335,0.11298819983434091,0.9354851903554705,True,False
m10,127_1_564,127_1_564_sampling.prm,piEN_err,D,0.29205861681808093,0.5312024531606278,1.8188213686278805,0.9554092889978634,True,False
m10,127_1_564,127_1_564_sampling.prm,t0_err,A2,0.6755681388920081,1.0019348050024093e-07,1.4830995532821775e-07,0.49180788311059387,True,True
m10,127_1_564,127_1_564_sampling.prm,u0_err,A1,2.682946129628534,0.14321370712948803,0.05337927047730794,0.7101196001771285,True,True
m10,127_1_990,127_1_990_sampling.prm,alpha_err,A1,1.4001368448093934,0.0014123073794407581,0.00100869238937357,0.9968060898939889,True,True
m10,127_1_990,127_1_990_sampling.prm,log_q_err,A2,0.7006485699091423,0.004008327950645824,0.005720882226542775,0.9646666969389518,True,True
m10,127_1_990,127_1_990_sampling.prm,log_rho_err,A2,0.2793546864879513,0.06972288625017671,0.24958552557944605,0.36666765206450214,True,True
m10,127_1_990,127_1_990_sampling.prm,log_s_err,A2,0.43826547347372913,0.04735084252885201,0.1080414620698848,1.0058587561628138,True,True
m10,127_1_990,127_1_990_sampling.prm,log_tE_err,A1,1.5614831139561431,0.005204525376048489,0.00333306542320679,1.0022621367929974,True,True
m10,127_1_990,127_1_990_sampling.prm,piEE_err,D,23.416271732062913,38.9359403356946,1.662772826571758,0.11640991508737579,True,False
m10,127_1_990,127_1_990_sampling.prm,piEN_err,D,0.5857821805416091,15.69396602304838,26.79147052328884,0.6258057006178769,True,False
m10,127_1_990,127_1_990_sampling.prm,t0_err,A1,1.6440448392376683,2.3480608156717843e-09,1.42822188278062e-09,0.9201086776099251,True,True
m10,127_1_990,127_1_990_sampling.prm,u0_err,A1,1.6590667537360724,0.003545961186026732,0.0021373227918898017,1.004221697619266,True,True
m10,128_5_232,128_5_232_sampling.prm,alpha_err,A2,0.13127959232529202,0.003840775691596132,0.029256456571553333,1.006575758593059,True,True
m10,128_5_232,128_5_232_sampling.prm,log_q_err,A2,0.3777415063475167,0.011275504763384223,0.029849790329927163,0.884961277485785,True,True
m10,128_5_232,128_5_232_sampling.prm,log_rho_err,A2,0.3985832616693049,0.02090120014665763,0.05243873026459114,0.5722579655269583,True,True
m10,128_5_232,128_5_232_sampling.prm,log_s_err,B,0.3729801599151542,0.2855593519666469,0.7656153936756479,0.9748615825404099,True,True
m10,128_5_232,128_5_232_sampling.prm,log_tE_err,A1,1.614898164337878,0.004625462532780122,0.002864244095959204,1.0071620377094381,True,True
m10,128_5_232,128_5_232_sampling.prm,piEE_err,D,10.45625274114738,58.189091645138234,5.565004317096592,0.2452818333485291,True,False
m10,128_5_232,128_5_232_sampling.prm,piEN_err,D,0.06401176406414374,47.758678314207245,746.0922068379509,0.3796925008970833,True,False
m10,128_5_232,128_5_232_sampling.prm,t0_err,A2,0.11212231999804143,4.2234438579814275e-11,3.766818112624858e-10,1.014519577927877,True,True
m10,128_5_232,128_5_232_sampling.prm,u0_err,A2,0.12850133707012137,0.01637303311967649,0.1274152743698064,0.9924075668645154,True,True
m10,45_4_988,45_4_988_sampling.prm,alpha_err,B,0.016030159395451195,0.0608966008660099,3.7988768148674956,0.8051643007982096,True,True
m10,45_4_988,45_4_988_sampling.prm,log_q_err,A2,0.8556771258850536,0.02879774182717865,0.03365491603785978,0.8094934975904604,True,True
m10,45_4_988,45_4_988_sampling.prm,log_rho_err,A2,0.4797114672569298,0.04579645283963465,0.09546666270353386,0.4105204785887399,True,True
m10,45_4_988,45_4_988_sampling.prm,log_s_err,A2,0.6997922820714146,0.16117163794047884,0.23031354027427112,0.9538873953591199,True,True
m10,45_4_988,45_4_988_sampling.prm,log_tE_err,A2,0.42630022018683555,0.017732295011036854,0.04159579134926386,0.9886034704306991,True,True
m10,45_4_988,45_4_988_sampling.prm,piEE_err,D,0.36606179592211296,32.123837760334844,87.75523181656969,0.41853470103315243,True,False
m10,45_4_988,45_4_988_sampling.prm,piEN_err,D,0.012757282991244932,42.91689566484574,3364.1094027857453,0.19610869230566733,True,False
m10,45_4_988,45_4_988_sampling.prm,t0_err,A2,0.27359746074548685,4.454427502541329e-08,1.6280953377286808e-07,0.7823681898806043,True,True
m10,45_4_988,45_4_988_sampling.prm,u0_err,D,0.015486260062762547,7.0509679812232875,455.3047638776051,0.7246158362795434,True,False
m10,45_5_561,45_5_561_sampling.prm,alpha_err,A1,35.412480272361066,0.000917538390884598,2.5910029001857957e-05,1.0008610741881532,True,True
m10,45_5_561,45_5_561_sampling.prm,log_q_err,A1,5.746892441118949,0.0015702755606411907,0.0002732390725474323,0.982915022684868,True,True
m10,45_5_561,45_5_561_sampling.prm,log_rho_err,A1,2.137796159190137,0.0014769408422190588,0.0006908707529807564,0.9658360701664027,True,True
m10,45_5_561,45_5_561_sampling.prm,log_s_err,A1,95.04028468631006,0.007711483004827586,8.113909833372348e-05,1.0040957067955574,True,True
m10,45_5_561,45_5_561_sampling.prm,log_tE_err,A1,84.63379544149062,0.001788470735078729,2.1131874397800603e-05,1.0043912139829432,True,True
m10,45_5_561,45_5_561_sampling.prm,piEE_err,A1,10.842828475414636,0.13338611262358152,0.012301782042022088,1.0001514980067074,True,True
m10,45_5_561,45_5_561_sampling.prm,piEN_err,C,28.641968717760385,0.4446680871404558,0.015525053166639515,1.0032200509951532,True,False
m10,45_5_561,45_5_561_sampling.prm,t0_err,A1,3.6686913463602138,1.2650320430320834e-09,3.448183353683183e-10,1.0190313899812793,True,True
m10,45_5_561,45_5_561_sampling.prm,u0_err,A1,69.53187062491364,0.007575972221581255,0.00010895683020595659,0.9972617067842622,True,True
m10,47_0_947,47_0_947_sampling.prm,alpha_err,A2,0.3242742177756188,0.01158184080838831,0.03571619380607789,0.979996048658173,True,True
m10,47_0_947,47_0_947_sampling.prm,log_q_err,A2,0.5016542550426325,0.00866399843483606,0.017270856068189355,0.9264609413078106,True,True
m10,47_0_947,47_0_947_sampling.prm,log_rho_err,B,0.04045337577400696,0.05425508751225479,1.3411757727056248,0.09791164307113605,True,True
m10,47_0_947,47_0_947_sampling.prm,log_s_err,A2,0.4568622777447487,0.13876145777130786,0.30372710668144637,1.0086464386242129,True,True
m10,47_0_947,47_0_947_sampling.prm,log_tE_err,A2,0.5077955517563099,0.006523160519638805,0.012846037144431817,0.9868876710900046,True,True
m10,47_0_947,47_0_947_sampling.prm,piEE_err,D,4.526119576989271,28.134285882930758,6.21598378133116,0.2911108421837544,True,False
m10,47_0_947,47_0_947_sampling.prm,piEN_err,D,0.019378777937752185,1.6649343469589792,85.91534266541582,0.9575277846003573,True,False
m10,47_0_947,47_0_947_sampling.prm,t0_err,A1,1.0097685111823183,7.946815404403308e-10,7.869937828719314e-10,1.0097276733080067,True,True
m10,47_0_947,47_0_947_sampling.prm,u0_err,A1,1.6270816462894595,0.016704442271938975,0.010266505254996427,0.987939259135378,True,True
m10,47_1_653,47_1_653_sampling.prm,alpha_err,A1,17.690946191833646,0.1589104468415019,0.008982586070769741,0.8252342351406234,True,True
m10,47_1_653,47_1_653_sampling.prm,log_q_err,A1,1.8699215200907668,0.010732007859815918,0.005739282501703591,0.9256324730195118,True,True
m10,47_1_653,47_1_653_sampling.prm,log_rho_err,A1,5.8036692775479235,0.06375397575385619,0.010985115227102075,0.9810591512735537,True,True
m10,47_1_653,47_1_653_sampling.prm,log_s_err,C,16.862387727674847,0.38417775204620497,0.022783116973148807,0.9154689948471173,True,False
m10,47_1_653,47_1_653_sampling.prm,log_tE_err,A1,23.486481951383865,0.001979464559056834,8.4281015911802e-05,0.9874748127767199,True,True
m10,47_1_653,47_1_653_sampling.prm,piEE_err,C,145.4181909433251,0.6693488492436133,0.0046029237807289425,0.9402230443302114,True,False
m10,47_1_653,47_1_653_sampling.prm,piEN_err,C,3.7189424737389367,0.7449783890760391,0.20031995502394945,0.9571758044775438,True,False
m10,47_1_653,47_1_653_sampling.prm,t0_err,A1,4.149533777485181,1.1173058144411255e-08,2.6926056621191478e-09,0.8637129043579556,True,True
m10,47_1_653,47_1_653_sampling.prm,u0_err,C,7.30476448039691,1.5795696516507391,0.21623827241654092,0.9680690753386509,True,False
m10,48_2_868,48_2_868_sampling.prm,alpha_err,A2,0.08850427357777443,0.01137988004615531,0.12858000620902305,0.9662985937343795,True,True
m10,48_2_868,48_2_868_sampling.prm,log_q_err,A2,0.42749240554826373,0.01338393807009562,0.03130801365448954,0.8806600536410829,True,True
m10,48_2_868,48_2_868_sampling.prm,log_rho_err,B,0.033045305679923594,0.06846988861860012,2.0720004614815366,0.1548159486245026,True,True
m10,48_2_868,48_2_868_sampling.prm,log_s_err,A2,0.22567219039077882,0.060436025292968015,0.26780448751047126,0.9899860457084134,True,True
m10,48_2_868,48_2_868_sampling.prm,log_tE_err,A2,0.4427221705059977,0.00962953427338202,0.021750738758748396,0.9877475764734781,True,True
m10,48_2_868,48_2_868_sampling.prm,piEE_err,D,0.598697734937422,20.543775732511616,34.314102983300785,0.6105481280290136,True,False
m10,48_2_868,48_2_868_sampling.prm,piEN_err,D,0.07065568639900695,48.650227757721,688.5536074617311,0.07361344656197336,True,False
m10,48_2_868,48_2_868_sampling.prm,t0_err,A2,0.07942036706298206,2.1929772204936407e-09,2.7612277575531255e-08,1.0063920580041799,True,True
m10,48_2_868,48_2_868_sampling.prm,u0_err,A2,0.19499073032577385,0.024577126543497294,0.12604253803468465,0.9902572894564844,True,True
m10,4_5_17,4_5_17_sampling.prm,alpha_err,A2,0.31474032862169216,0.044427306540363976,0.1411554303667395,0.8679303534757951,True,True
m10,4_5_17,4_5_17_sampling.prm,log_q_err,A2,0.7884720467671058,0.013316869087904441,0.016889462527563643,0.898158882774085,True,True
m10,4_5_17,4_5_17_sampling.prm,log_rho_err,B,0.013560839859258947,0.06684385620194512,4.929182624061892,0.08500583963078479,True,True
m10,4_5_17,4_5_17_sampling.prm,log_s_err,A2,0.6731537379933171,0.032611888311848164,0.04844641940051431,0.9982526334366393,True,True
m10,4_5_17,4_5_17_sampling.prm,log_tE_err,A2,0.7510977401667398,0.004110489956781744,0.005472643221998294,0.98846348174718,True,True
m10,4_5_17,4_5_17_sampling.prm,piEE_err,D,3.7243693806498497,14.283292501440737,3.8350901969203988,0.5981751056433967,True,False
m10,4_5_17,4_5_17_sampling.prm,piEN_err,D,0.2023106074340797,12.313257478682868,60.86313335149757,0.6861123977787504,True,False
m10,4_5_17,4_5_17_sampling.prm,t0_err,A2,0.36230139651510884,2.999168485221759e-08,8.278103573626955e-08,0.860697380782478,True,True
m10,4_5_17,4_5_17_sampling.prm,u0_err,B,0.3067135438549441,0.2262415350136532,0.73763138128863,0.9432373847449365,True,True
m10,595_5_465,595_5_465_sampling.prm,alpha_err,A2,0.0956539435710065,0.006961476641685532,0.07277772752273241,0.9780893658987093,True,True
m10,595_5_465,595_5_465_sampling.prm,log_q_err,A2,0.24423018117361844,0.010405588171218656,0.04260566045202058,0.9216254992003264,True,True
m10,595_5_465,595_5_465_sampling.prm,log_rho_err,B,0.04125794590237871,0.06402081739503605,1.5517209108402308,0.06031612525246222,True,True
m10,595_5_465,595_5_465_sampling.prm,log_s_err,D,0.2568269771376005,0.5195654882622116,2.0230175741384184,0.9995208074561557,True,False
m10,595_5_465,595_5_465_sampling.prm,log_tE_err,A1,1.0663415656200124,0.0169822440471797,0.015925707666947755,0.984381605198582,True,True
m10,595_5_465,595_5_465_sampling.prm,piEE_err,D,0.2406871517336694,4.83683349145659,20.095935560402296,0.8633832122276994,True,False
m10,595_5_465,595_5_465_sampling.prm,piEN_err,D,0.08728739090794786,28.158573274092735,322.5961159016472,0.13494902441859885,True,False
m10,595_5_465,595_5_465_sampling.prm,t0_err,A1,1.0212513239546692,7.015720799557954e-10,6.86972994305696e-10,1.0024968701255703,True,True
m10,595_5_465,595_5_465_sampling.prm,u0_err,A1,1.787738528299759,0.04173322342677217,0.023344142762567657,1.0045412663847924,True,True
m10,596_2_838,596_2_838_sampling.prm,alpha_err,A2,0.2798125249412799,0.021802868651783047,0.07791955937768866,0.9306247924029235,True,True
m10,596_2_838,596_2_838_sampling.prm,log_q_err,A2,0.6298578102984371,0.022964150905601766,0.03645926196377714,0.7764752631467354,True,True
m10,596_2_838,596_2_838_sampling.prm,log_rho_err,A2,0.9307690167805959,0.00404598660813016,0.004346928760182285,0.9382119751634516,True,True
m10,596_2_838,596_2_838_sampling.prm,log_s_err,D,0.780250265725575,0.695392408370945,0.8912427703235468,0.8635599361002267,True,False
m10,596_2_838,596_2_838_sampling.prm,log_tE_err,A1,2.6863297556501817,0.010577882260123158,0.003937670808237373,0.990929130364476,True,True
m10,596_2_838,596_2_838_sampling.prm,piEE_err,D,0.40453176434059845,38.52312145674846,95.2289161261355,0.4380499526377525,True,False
m10,596_2_838,596_2_838_sampling.prm,piEN_err,D,0.020956084146729108,55.7557165242772,2660.598045602891,0.15702030590699226,True,False
m10,596_2_838,596_2_838_sampling.prm,t0_err,A2,0.05288812177441662,1.2232934339560217e-11,2.3129833182084396e-10,1.0206860309036851,True,True
m10,596_2_838,596_2_838_sampling.prm,u0_err,B,0.053793024259413,0.029455593261679444,0.5475727321005779,0.9986653362249667,True,True
m10,597_3_166,597_3_166_sampling.prm,alpha_err,A2,0.03932304226373418,0.0021689355065093174,0.05515685922677519,0.9935242531650487,True,True
m10,597_3_166,597_3_166_sampling.prm,log_q_err,A2,0.8649810630614108,0.0163741715760497,0.01893009254803442,0.7828807363177446,True,True
m10,597_3_166,597_3_166_sampling.prm,log_rho_err,B,0.003994486825076593,0.01922343460206516,4.812491677625337,0.23360994434253726,True,True
m10,597_3_166,597_3_166_sampling.prm,log_s_err,A1,43.746076960093234,0.11986966057936278,0.002740123661573408,0.7974995593567851,True,True
m10,597_3_166,597_3_166_sampling.prm,log_tE_err,A1,2.1741985160684636,0.006158036290690245,0.002832324760218139,1.00360641887071,True,True
m10,597_3_166,597_3_166_sampling.prm,piEE_err,A1,1.1259390873008592,0.21471678735220132,0.19070018065269229,0.9935481090717712,True,True
m10,597_3_166,597_3_166_sampling.prm,piEN_err,D,0.13809848346390088,0.40731066740551436,2.949421725633836,1.0052462440794983,True,False
m10,597_3_166,597_3_166_sampling.prm,t0_err,A2,0.09844086096336996,9.944613612847021e-09,1.0102119704689938e-07,0.8409666950206731,True,True
m10,597_3_166,597_3_166_sampling.prm,u0_err,B,0.03565113103154488,0.024994659909110564,0.7010902371370703,0.9675603117952543,True,True
m10,599_5_868,599_5_868_sampling.prm,alpha_err,A2,0.2410163795381129,0.005378099065289299,0.022314247171067635,0.9801814498838484,True,True
m10,599_5_868,599_5_868_sampling.prm,log_q_err,A2,0.19498122305065915,0.011122896702504664,0.05704598898538431,0.9053121480727816,True,True
m10,599_5_868,599_5_868_sampling.prm,log_rho_err,A2,0.7215463844777442,0.04529871121751278,0.06278004046863878,0.6850301899144301,True,True
m10,599_5_868,599_5_868_sampling.prm,log_s_err,A1,1.861855370427793,0.07859052722954324,0.042210865826536104,0.9856992185937539,True,True
m10,599_5_868,599_5_868_sampling.prm,log_tE_err,A2,0.19887257694642807,0.028042477106755167,0.1410072597103682,0.9688527115480332,True,True
m10,599_5_868,599_5_868_sampling.prm,piEE_err,D,0.1310031854502248,27.757513224112316,211.8842616591098,0.7179592276825644,True,False
m10,599_5_868,599_5_868_sampling.prm,piEN_err,D,0.02179456215874903,96.49598320851895,4427.525660100604,0.06712826051696165,True,False
m10,599_5_868,599_5_868_sampling.prm,t0_err,A2,0.045019094175594646,2.530666027135695e-09,5.6213170732955294e-08,1.0143224211310045,True,True
m10,599_5_868,599_5_868_sampling.prm,u0_err,A1,1.4619629436139239,0.06376724627181037,0.043617553064771844,0.9624665050279492,True,True
m10,5_0_853,5_0_853_sampling.prm,alpha_err,A1,1.49866768208317,0.031668687145343544,0.021131227105213618,0.9224139156876402,True,True
m10,5_0_853,5_0_853_sampling.prm,log_q_err,A2,0.3273059349944644,0.029294070582241233,0.08950057866422945,0.7980580349404144,True,True
m10,5_0_853,5_0_853_sampling.prm,log_rho_err,A2,0.25783334338374303,0.007986762414609461,0.03097645288926988,0.8779366330201156,True,True
m10,5_0_853,5_0_853_sampling.prm,log_s_err,B,0.4947539289495465,0.20524144960870438,0.41483541130126983,0.9172755021592288,True,True
m10,5_0_853,5_0_853_sampling.prm,log_tE_err,A1,2.080557298704076,0.020103763238752834,0.009662681845520398,0.9821525609249511,True,True
m10,5_0_853,5_0_853_sampling.prm,piEE_err,D,3.5810039822336113,16.009563876589088,4.470691447431259,0.22639834229139888,True,False
m10,5_0_853,5_0_853_sampling.prm,piEN_err,D,15.335191072142846,9.626038365417129,0.6277090595175769,0.5594055950129324,True,False
m10,5_0_853,5_0_853_sampling.prm,t0_err,A2,0.7694349408348493,1.6571419333401188e-09,2.1537128682278104e-09,1.012151161694841,True,True
m10,5_0_853,5_0_853_sampling.prm,u0_err,C,54.87932668920035,2.7299936664383653,0.0497453928671395,0.9950336445855489,True,False
m10,636_1_335,636_1_335_sampling.prm,alpha_err,A1,1.8315222181085054,0.0034324118047943664,0.0018740759849144343,0.9755198715573824,True,True
m10,636_1_335,636_1_335_sampling.prm,log_q_err,A2,0.6187153872038409,0.004163077263408528,0.006728582074259885,0.9691495916253436,True,True
m10,636_1_335,636_1_335_sampling.prm,log_rho_err,B,0.14780575355548548,0.05874567662516204,0.39745189352936267,0.2111076655136328,True,True
m10,636_1_335,636_1_335_sampling.prm,log_s_err,A2,0.3218112518056204,0.017911665648538903,0.05565891667255271,0.9926451467232117,True,True
m10,636_1_335,636_1_335_sampling.prm,log_tE_err,A1,1.7196751004819981,0.003511812966521409,0.0020421374744200825,0.9979464792070545,True,True
m10,636_1_335,636_1_335_sampling.prm,piEE_err,C,35.45875420999103,2.8769000493186114,0.081133703465194,0.9486625493675698,True,False
m10,636_1_335,636_1_335_sampling.prm,piEN_err,D,1.7382475336618655,3.7983233609377116,2.1851452611792315,0.928487382878803,True,False
m10,636_1_335,636_1_335_sampling.prm,t0_err,A1,2.2529529106932515,8.651645987835345e-09,3.840136181618268e-09,0.9573008810448036,True,True
m10,636_1_335,636_1_335_sampling.prm,u0_err,A1,2.0537475000725474,0.012238435096474033,0.005959074860001883,1.0033792078915968,True,True
m10,638_5_232,638_5_232_sampling.prm,alpha_err,A1,29.944624298546714,0.010884530617919955,0.0003634886352021524,0.9896987394448087,True,True
m10,638_5_232,638_5_232_sampling.prm,log_q_err,A1,1.347672812256815,0.0053758655033685765,0.003988999002188183,0.9416785895345045,True,True
m10,638_5_232,638_5_232_sampling.prm,log_rho_err,A2,0.5924897716815419,0.0030786034989467195,0.005196044971728967,0.946659446254762,True,True
m10,638_5_232,638_5_232_sampling.prm,log_s_err,A1,7.185305479986914,0.011223296108490965,0.0015619789777555019,1.0011633951067689,True,True
m10,638_5_232,638_5_232_sampling.prm,log_tE_err,A1,4.848083923129225,0.0036522677226063743,0.0007533425123237131,0.9902632150823425,True,True
m10,638_5_232,638_5_232_sampling.prm,piEE_err,C,12.196334058835053,0.7246969233527017,0.059419241868644106,0.9855890123326645,True,False
m10,638_5_232,638_5_232_sampling.prm,piEN_err,C,26.940309565714944,0.7027085448214181,0.02608390757750261,0.9954982327614704,True,False
m10,638_5_232,638_5_232_sampling.prm,t0_err,A1,13.319142680925456,1.345503698887552e-07,1.0102029320659416e-08,0.2549509724593375,True,True
m10,638_5_232,638_5_232_sampling.prm,u0_err,A1,98.2023127925157,0.07774928533457437,0.0007917256032334493,0.9663968544505309,True,True
m10,675_2_212,675_2_212_sampling.prm,alpha_err,A1,1.2937480657805993,0.015849393213650087,0.01225075703134455,0.9688028483204445,True,True
m10,675_2_212,675_2_212_sampling.prm,log_q_err,A1,1.0777319158439649,0.004037753262029589,0.003746528429444952,0.9645478267434315,True,True
m10,675_2_212,675_2_212_sampling.prm,log_rho_err,A2,0.8014980903360993,0.007590505725305683,0.009470397767414129,0.9126383507752792,True,True
m10,675_2_212,675_2_212_sampling.prm,log_s_err,A1,2.1830915499444057,0.00903688915063693,0.004139491608067038,0.9886263729481769,True,True
m10,675_2_212,675_2_212_sampling.prm,log_tE_err,A1,1.5228482504232763,0.014829332025384058,0.009737892151277868,1.0002490067824406,True,True
m10,675_2_212,675_2_212_sampling.prm,piEE_err,D,2.237954546749517,47.62382627471039,21.280068598301465,0.13555016632911637,True,False
m10,675_2_212,675_2_212_sampling.prm,piEN_err,D,0.5761523898272106,19.660781017007285,34.12427226571705,0.62780754313738,True,False
m10,675_2_212,675_2_212_sampling.prm,t0_err,A1,1.0000548743341136,8.972713006309098e-09,8.972220661674768e-09,1.0082286319681755,True,True
m10,675_2_212,675_2_212_sampling.prm,u0_err,D,1.3695697353685121,0.4601725850716771,0.3359979219662428,0.9475800841229535,True,False
m10,675_2_540,675_2_540_sampling.prm,alpha_err,A2,0.044792634768209945,0.005061776112169236,0.11300465217914933,0.9995761988675502,True,True
m10,675_2_540,675_2_540_sampling.prm,log_q_err,A2,0.906412161136891,0.007755150258453167,0.008555876223820815,0.9497540887032371,True,True
m10,675_2_540,675_2_540_sampling.prm,log_rho_err,A2,0.9767633060212064,0.004357306270523727,0.004460964333593757,0.9494491435163597,True,True
m10,675_2_540,675_2_540_sampling.prm,log_s_err,A2,0.8269414435474364,0.07158622159164645,0.08656746151765461,0.9996234863805816,True,True
m10,675_2_540,675_2_540_sampling.prm,log_tE_err,A1,1.7398838272052366,0.007034304213714913,0.004042973504164394,0.9983967860074793,True,True
m10,675_2_540,675_2_540_sampling.prm,piEE_err,D,0.9062761396568464,123.53571895383237,136.31134435538388,0.0760464832504359,True,False
m10,675_2_540,675_2_540_sampling.prm,piEN_err,D,0.005508769835788481,25.5888380101509,4645.109302608632,0.8161935370588702,True,False
m10,675_2_540,675_2_540_sampling.prm,t0_err,A2,0.04993577317021175,1.291878754402591e-10,2.587080708651643e-09,1.002359703209637,True,True
m10,675_2_540,675_2_540_sampling.prm,u0_err,B,0.02921761701855933,0.023967637624881206,0.8203145934063246,0.9952118629251608,True,True
m10,678_1_647,678_1_647_sampling.prm,alpha_err,A2,0.47650367319318543,0.006530881887238049,0.013705837446063676,0.9746641008813453,True,True
m10,678_1_647,678_1_647_sampling.prm,log_q_err,A2,0.4143961714311839,0.011098672342936053,0.026782757921254438,0.8982478308155649,True,True
m10,678_1_647,678_1_647_sampling.prm,log_rho_err,B,0.06178756620901692,0.05574796364658182,0.9022521369104564,0.07873672325994857,True,True
m10,678_1_647,678_1_647_sampling.prm,log_s_err,A2,0.2164472469934281,0.06510618050701542,0.3007946805116547,0.9840914791543132,True,True
m10,678_1_647,678_1_647_sampling.prm,log_tE_err,A1,1.1974697014227722,0.009510450619183416,0.00794212213293045,0.9873512919822138,True,True
m10,678_1_647,678_1_647_sampling.prm,piEE_err,D,3.149622542024658,70.17199261094972,22.27949275656421,0.039359706548748895,False,False
m10,678_1_647,678_1_647_sampling.prm,piEN_err,D,0.03518065607644636,20.910308457824982,594.3694856738202,0.704061557697725,True,False
m10,678_1_647,678_1_647_sampling.prm,t0_err,A2,0.18702839092629403,1.5303084666576565e-10,8.182225485010643e-10,1.0090094024738474,True,True
m10,678_1_647,678_1_647_sampling.prm,u0_err,A1,1.3749683628511784,0.024723556046946888,0.017981181760196526,1.0027180623864667,True,True
m10,679_0_71,679_0_71_sampling.prm,alpha_err,A2,0.1379290604839128,0.01362461135235904,0.09877984599154238,0.9740835890728995,True,True
m10,679_0_71,679_0_71_sampling.prm,log_q_err,A2,0.20553819716262783,0.009501099880518392,0.046225470553294984,0.909031671418993,True,True
m10,679_0_71,679_0_71_sampling.prm,log_rho_err,B,0.1093088426777485,0.060214219705849795,0.5508632076854596,0.08700422393564691,True,True
m10,679_0_71,679_0_71_sampling.prm,log_s_err,A2,0.4953575298449112,0.12646974544630382,0.2553100292750159,1.001289718710641,True,True
m10,679_0_71,679_0_71_sampling.prm,log_tE_err,A2,0.29135666957457507,0.015406386226537507,0.052878096969714704,0.9720993499657801,True,True
m10,679_0_71,679_0_71_sampling.prm,piEE_err,D,4.152816723303936,59.99100271424524,14.445858488673453,0.24270223254151455,True,False
m10,679_0_71,679_0_71_sampling.prm,piEN_err,D,0.005841770727259495,2.550725098131528,436.63560540455,0.9816670313987735,True,False
m10,679_0_71,679_0_71_sampling.prm,t0_err,A1,1.0214915604149575,2.6697184073845847e-09,2.6135491577630587e-09,1.011039056702092,True,True
m10,679_0_71,679_0_71_sampling.prm,u0_err,A1,1.580554692982744,0.05137254812607185,0.03250286013774325,0.9855769723957535,True,True
m10,6_3_433,6_3_433_sampling.prm,alpha_err,A2,0.9904681373404332,0.005379853228886788,0.00543162674907702,0.9775684482418654,True,True
m10,6_3_433,6_3_433_sampling.prm,log_q_err,A2,0.9026548116916462,0.0077539132276687305,0.008590120084927357,0.9140892602553419,True,True
m10,6_3_433,6_3_433_sampling.prm,log_rho_err,B,0.010584108958888668,0.06257014696893153,5.911706617153097,0.053689731326320225,True,True
m10,6_3_433,6_3_433_sampling.prm,log_s_err,A2,0.93097569097095,0.015923511809159043,0.01710411127121032,1.0008232508379413,True,True
m10,6_3_433,6_3_433_sampling.prm,log_tE_err,A1,1.062223864365404,0.0074752829447537516,0.007037389382340465,0.991665247261428,True,True
m10,6_3_433,6_3_433_sampling.prm,piEE_err,C,14.121134341106655,1.5182432739910878,0.10751567383446514,0.8903754033294028,True,False
m10,6_3_433,6_3_433_sampling.prm,piEN_err,D,0.6154741668121462,1.438176267165953,2.3366963955855358,0.904953278813613,True,False
m10,6_3_433,6_3_433_sampling.prm,t0_err,A2,0.8908618892078444,8.525064685796355e-08,9.569457161734525e-08,0.5100735176691951,True,True
m10,6_3_433,6_3_433_sampling.prm,u0_err,A1,1.8106992221125844,0.013296431580938973,0.007343258017985847,0.9841489291041517,True,True
m10,716_4_833,716_4_833_sampling.prm,alpha_err,A2,0.10891956098454653,0.01716176459928631,0.15756365931112426,0.9585298654775816,True,True
m10,716_4_833,716_4_833_sampling.prm,log_q_err,A2,0.2063268221347949,0.021193703618404044,0.10271909099902694,0.8004360571763232,True,True
m10,716_4_833,716_4_833_sampling.prm,log_rho_err,B,0.07650954757726293,0.08286173736483415,1.0830247987175259,0.1099558904474403,True,True
m10,716_4_833,716_4_833_sampling.prm,log_s_err,A2,0.08072940234720938,0.01989868418917276,0.24648620713913424,0.9709772260240906,True,True
m10,716_4_833,716_4_833_sampling.prm,log_tE_err,A2,0.1880522215076406,0.01869139034693472,0.09939467982395138,0.9744585245786876,True,True
m10,716_4_833,716_4_833_sampling.prm,piEE_err,D,0.5968760821864754,13.48808093739757,22.597790965233614,0.7239051286679187,True,False
m10,716_4_833,716_4_833_sampling.prm,piEN_err,D,0.15431479382946875,16.11393868588325,104.42251378497483,0.5737753268757821,True,False
m10,716_4_833,716_4_833_sampling.prm,t0_err,A2,0.07243984190831343,1.801335854944089e-07,2.486664530858621e-06,0.3292035802694394,True,True
m10,716_4_833,716_4_833_sampling.prm,u0_err,B,0.08805576426469515,0.036887478717963405,0.41891043733468536,0.7573917875179813,True,True
m10,717_3_766,717_3_766_sampling.prm,alpha_err,A2,0.9041938756772943,0.008695191832624793,0.009616512637968914,0.9766174148313134,True,True
m10,717_3_766,717_3_766_sampling.prm,log_q_err,A2,0.9245685789619367,0.006254944191476091,0.006765257152150743,0.9698534987415781,True,True
m10,717_3_766,717_3_766_sampling.prm,log_rho_err,B,0.01362086724984827,0.05426440236029351,3.983916836198369,0.08607336131665846,True,True
m10,717_3_766,717_3_766_sampling.prm,log_s_err,A2,0.8142418088560062,0.014273212543719266,0.01752945180225129,0.9994453191523393,True,True
m10,717_3_766,717_3_766_sampling.prm,log_tE_err,A1,1.4532364019142878,0.0033605482518010168,0.002312458074525457,0.9958535430046661,True,True
m10,717_3_766,717_3_766_sampling.prm,piEE_err,C,3.2029639400551395,0.41687093256414315,0.13015161593013957,0.9136545225315722,True,False
m10,717_3_766,717_3_766_sampling.prm,piEN_err,D,0.8967561413357622,1.9921238827011434,2.2214778253247056,0.7440916275842311,True,False
m10,717_3_766,717_3_766_sampling.prm,t0_err,A1,1.0107202410084855,1.1666815820931762e-09,1.1543071314462587e-09,0.9380698149764556,True,True
m10,717_3_766,717_3_766_sampling.prm,u0_err,A1,2.5667946195130877,0.00714636116606369,0.002784157763046632,0.9875656255894909,True,True
m10,719_4_68,719_4_68_sampling.prm,alpha_err,A2,0.5797528566401572,0.0032055700643649487,0.005529200982194715,0.9899970343239445,True,True
m10,719_4_68,719_4_68_sampling.prm,log_q_err,A2,0.9333385733483234,0.012466031059030812,0.013356386862175116,0.9464360408891577,True,True
m10,719_4_68,719_4_68_sampling.prm,log_rho_err,B,0.15212651732008065,0.07758409653039391,0.5099971911350187,0.3216655285852327,True,True
m10,719_4_68,719_4_68_sampling.prm,log_s_err,A1,1.1716012579517743,0.028173492610134823,0.02404699757611092,0.9785894829129,True,True
m10,719_4_68,719_4_68_sampling.prm,log_tE_err,A1,1.0285876983830307,0.014284541410021704,0.013887528921916343,0.9818439275580941,True,True
m10,719_4_68,719_4_68_sampling.prm,piEE_err,D,6.732991611014964,5.563913727644185,0.8263657596931794,0.8247374835007557,True,False
m10,719_4_68,719_4_68_sampling.prm,piEN_err,D,0.7528270599925686,11.389770630203522,15.129332134150378,1.098902950372708,True,False
m10,719_4_68,719_4_68_sampling.prm,t0_err,A2,0.9282457916833841,1.9771550194524682e-08,2.1299908248082394e-08,0.9982108869513432,True,True
m10,719_4_68,719_4_68_sampling.prm,u0_err,A1,1.2934301097257084,0.0343753556358072,0.026576894551416486,0.9958985513250382,True,True
m10,755_0_134,755_0_134_sampling.prm,alpha_err,A1,1.6798002471276154,0.03425286001804517,0.02039103165785102,0.8987719987159347,True,True
m10,755_0_134,755_0_134_sampling.prm,log_q_err,A2,0.4804693262079579,0.011015780443453254,0.022927125297246085,0.9193714137136783,True,True
m10,755_0_134,755_0_134_sampling.prm,log_rho_err,B,0.03272698450666909,0.07388325341395699,2.2575637360937146,0.16056394317481676,True,True
m10,755_0_134,755_0_134_sampling.prm,log_s_err,A2,0.3029987320983011,0.04608489434002205,0.15209599730295523,0.9894593241538817,True,True
m10,755_0_134,755_0_134_sampling.prm,log_tE_err,A1,2.683403827830828,0.000855379329731238,0.00031876653109744483,0.9974227185244493,True,True
m10,755_0_134,755_0_134_sampling.prm,piEE_err,C,31.98274441907951,1.981949536371196,0.061969339166180235,0.9205481863683888,True,False
m10,755_0_134,755_0_134_sampling.prm,piEN_err,D,0.7573954932667749,1.0159615288265502,1.3413883999289937,0.9814094818333865,True,False
m10,755_0_134,755_0_134_sampling.prm,t0_err,A1,1.4963056970901416,1.7613217921748936e-08,1.1771136042588943e-08,0.945819738322866,True,True
m10,755_0_134,755_0_134_sampling.prm,u0_err,A1,1.6698273201274196,0.16742271314215237,0.10026348899919595,0.9856006832765617,True,True
m10,757_1_286,757_1_286_sampling.prm,alpha_err,A1,2.470403365838106,0.03631433538155182,0.014699759514467737,0.9346112076515759,True,True
m10,757_1_286,757_1_286_sampling.prm,log_q_err,A2,0.54257924677703,0.02510615688640638,0.046271870948878406,0.8527874524059598,True,True
m10,757_1_286,757_1_286_sampling.prm,log_rho_err,B,0.003157598026408047,0.05653169289347147,17.903384921284484,0.08443189904781617,True,True
m10,757_1_286,757_1_286_sampling.prm,log_s_err,A2,0.4075520603549848,0.09728363634280594,0.23870235438895887,0.962206924220848,True,True
m10,757_1_286,757_1_286_sampling.prm,log_tE_err,A1,1.9089700451972758,0.0022891315681483637,0.0011991448340991655,0.9989488432971525,True,True
m10,757_1_286,757_1_286_sampling.prm,piEE_err,C,46.457531628981975,3.3045454565513093,0.07113045701484941,0.8729521641275072,True,False
m10,757_1_286,757_1_286_sampling.prm,piEN_err,D,2.78222031106145,2.469817246139895,0.8877144762118535,0.9205640866529181,True,False
m10,757_1_286,757_1_286_sampling.prm,t0_err,A1,4.859897395396459,1.8820627261795097e-08,3.872638809128553e-09,0.9103433303235904,True,True
m10,757_1_286,757_1_286_sampling.prm,u0_err,A1,4.60992918576971,0.0960714761687847,0.020840119727944115,1.0003145368325133,True,True
m10,758_1_230,758_1_230_sampling.prm,alpha_err,A2,0.7042436837025,0.0013941310141576402,0.0019796145090405603,0.995514494707114,True,True
m10,758_1_230,758_1_230_sampling.prm,log_q_err,A2,0.880975192980647,0.0056192115699044125,0.006378399317797652,0.9659459466544082,True,True
m10,758_1_230,758_1_230_sampling.prm,log_rho_err,A2,0.7575253045861491,0.03051810271837529,0.04028657859165236,0.6953142812361962,True,True
m10,758_1_230,758_1_230_sampling.prm,log_s_err,A2,0.9485478867109027,0.044101080129367275,0.04649325642618647,0.9957761183162449,True,True
m10,758_1_230,758_1_230_sampling.prm,log_tE_err,A2,0.625491548078146,0.005021101743161763,0.008027449385350367,0.993848312548544,True,True
m10,758_1_230,758_1_230_sampling.prm,piEE_err,D,5.791088531139085,122.22620909711861,21.10591272088137,0.22928738164242288,True,False
m10,758_1_230,758_1_230_sampling.prm,piEN_err,D,0.05369794154327069,18.937215771597156,352.6618568113497,0.8538899258830369,True,False
m10,758_1_230,758_1_230_sampling.prm,t0_err,A2,0.4006713818531224,1.9713169688199836e-10,4.920034367572143e-10,1.0062429996881803,True,True
m10,758_1_230,758_1_230_sampling.prm,u0_err,A1,1.102958801908966,0.011501369929060317,0.010427742096218022,0.9954008071319432,True,True
m10,796_3_847,796_3_847_sampling.prm,alpha_err,A1,1.8919308847640095,0.007606880862190968,0.004020697015652247,0.9914440708692643,True,True
m10,796_3_847,796_3_847_sampling.prm,log_q_err,A1,2.401148291293567,0.008049913145426251,0.003352526445207403,0.9073234251789781,True,True
m10,796_3_847,796_3_847_sampling.prm,log_rho_err,A2,0.39759792444806197,0.004652285189255531,0.011700979565508918,0.9035374611204894,True,True
m10,796_3_847,796_3_847_sampling.prm,log_s_err,A1,3.240049014913097,0.010246385650069592,0.003162416865580787,0.9867969698131392,True,True
m10,796_3_847,796_3_847_sampling.prm,log_tE_err,A1,5.1762826496532535,0.006130820544744151,0.001184406061202017,0.9909543110880153,True,True
m10,796_3_847,796_3_847_sampling.prm,piEE_err,C,44.02867482323522,0.8505208684967758,0.019317430558866856,0.9715283139085926,True,False
m10,796_3_847,796_3_847_sampling.prm,piEN_err,C,43.240595686261656,0.6324203656736583,0.014625616405987443,0.9845158327170738,True,False
m10,796_3_847,796_3_847_sampling.prm,t0_err,A1,2.335770186907105,1.0636924740814419e-07,4.553926067058521e-08,0.3751333048997216,True,True
m10,796_3_847,796_3_847_sampling.prm,u0_err,A1,2.588188767517438,0.012120939616992711,0.004683174492183188,0.9796846072764305,True,True
m10,797_3_556,797_3_556_sampling.prm,alpha_err,B,0.009528612166471514,0.012043208647301018,1.2638995518862293,0.9692034434830438,True,True
m10,797_3_556,797_3_556_sampling.prm,log_q_err,A2,0.3736073903569255,0.015299634707033579,0.04095110295440646,0.8631705652462985,True,True
m10,797_3_556,797_3_556_sampling.prm,log_rho_err,A2,0.2827923452673905,0.046879521370125854,0.1657736574368714,0.42514297019557945,True,True
m10,797_3_556,797_3_556_sampling.prm,log_s_err,B,0.31636337543305826,0.17243663437961404,0.545058776615883,0.9888546285842811,True,True
m10,797_3_556,797_3_556_sampling.prm,log_tE_err,A1,1.4406267836855489,0.019923375953472766,0.013829658159279038,0.9885338793058753,True,True
m10,797_3_556,797_3_556_sampling.prm,piEE_err,D,0.4561515032863073,175.26476422843604,384.2248966971608,0.058237304498656904,True,False
m10,797_3_556,797_3_556_sampling.prm,piEN_err,D,0.003986773905015655,84.2179290467768,21124.330361655182,0.5419086782609568,True,False
m10,797_3_556,797_3_556_sampling.prm,t0_err,A2,0.11731682336086748,1.3582684965486948e-09,1.1577781068710412e-08,1.0082658252259291,True,True
m10,797_3_556,797_3_556_sampling.prm,u0_err,D,0.008523347863637317,0.350873648539332,41.166177205584276,0.9906192581635715,True,False
m10,798_1_906,798_1_906_sampling.prm,alpha_err,A2,0.5111960731682168,0.027778270381405346,0.05433975697278975,0.9289913862949719,True,True
m10,798_1_906,798_1_906_sampling.prm,log_q_err,A2,0.9104273503882285,0.003857753308323864,0.004237299446989179,0.9644225033283041,True,True
m10,798_1_906,798_1_906_sampling.prm,log_rho_err,A2,0.7469665892970558,0.016689260398032355,0.022342713365182818,0.773206039322367,True,True
m10,798_1_906,798_1_906_sampling.prm,log_s_err,A2,0.9019696715245404,0.03964754599886223,0.043956628754322276,0.9909215343930687,True,True
m10,798_1_906,798_1_906_sampling.prm,log_tE_err,A1,1.5888303860524513,0.0015304110290179163,0.0009632312186704325,0.9871484624764028,True,True
m10,798_1_906,798_1_906_sampling.prm,piEE_err,D,24.516632922402373,32.72341720486455,1.3347435313991722,0.16912123207002885,True,False
m10,798_1_906,798_1_906_sampling.prm,piEN_err,D,0.03339963483211698,2.1336764456416635,63.88322675881256,0.9399987949215071,True,False
m10,798_1_906,798_1_906_sampling.prm,t0_err,A2,0.5269374007632789,1.3041393080032927e-09,2.474941627058968e-09,1.0083278109401557,True,True
m10,798_1_906,798_1_906_sampling.prm,u0_err,B,0.5131264838563664,0.29319884259436085,0.571396822847352,0.9908881168776161,True,True
m10,798_2_463,798_2_463_sampling.prm,alpha_err,A1,3.345170813222682,0.009485967594933697,0.002835719945133407,0.9762739456521549,True,True
m10,798_2_463,798_2_463_sampling.prm,log_q_err,A2,0.9071703389747124,0.003924652026553011,0.004326256997102295,0.9760010378427837,True,True
m10,798_2_463,798_2_463_sampling.prm,log_rho_err,A2,0.2658583101259779,0.06525921647226626,0.24546615240781064,0.3878945327054256,True,True
m10,798_2_463,798_2_463_sampling.prm,log_s_err,A2,0.5693245110426858,0.013318264737059455,0.02339309915300819,0.988861041939528,True,True
m10,798_2_463,798_2_463_sampling.prm,log_tE_err,A1,6.172677501755125,0.002614277741430041,0.00042352410938149664,0.9979238680094142,True,True
m10,798_2_463,798_2_463_sampling.prm,piEE_err,C,255.4457541439467,5.0190191554135115,0.019648082123084477,0.7512450105879456,True,False
m10,798_2_463,798_2_463_sampling.prm,piEN_err,D,1.5393988793846616,2.490537997749671,1.6178639799615842,0.8665688912721962,True,False
m10,798_2_463,798_2_463_sampling.prm,t0_err,A1,3.452060103904753,1.0242742976232641e-08,2.9671392351039003e-09,0.8881018973491334,True,True
m10,798_2_463,798_2_463_sampling.prm,u0_err,A1,6.962071133113061,0.005024212882980878,0.0007216549194800201,1.0016762356536644,True,True
m10,798_2_701,798_2_701_sampling.prm,alpha_err,A1,24.932192218969302,0.02398988050534845,0.0009622050197052505,0.9393605000208562,True,True
m10,798_2_701,798_2_701_sampling.prm,log_q_err,A2,0.9844543614742011,0.005283575842489641,0.005367009431069603,0.956427566591496,True,True
m10,798_2_701,798_2_701_sampling.prm,log_rho_err,A2,0.43688332203369934,0.06571183093038756,0.1504104817380024,0.25821813660121773,True,True
m10,798_2_701,798_2_701_sampling.prm,log_s_err,A1,1.7552197852231413,0.007189168383614357,0.004095879299070457,1.003778667147956,True,True
m10,798_2_701,798_2_701_sampling.prm,log_tE_err,A1,2.628862855681829,0.0076565955450411316,0.002912512354340864,0.9982302534546873,True,True
m10,798_2_701,798_2_701_sampling.prm,piEE_err,C,14.785088296811766,2.6671895810324493,0.18039727105367356,0.9549881009746217,True,False
m10,798_2_701,798_2_701_sampling.prm,piEN_err,C,103.3522136112426,4.350519561509734,0.042094111093489796,0.9248627474339699,True,False
m10,798_2_701,798_2_701_sampling.prm,t0_err,A1,9.063471912716997,9.507316032225519e-08,1.0489706509583553e-08,0.5804954706862884,True,True
m10,798_2_701,798_2_701_sampling.prm,u0_err,A1,23.62092998097963,0.19901934771522595,0.00842555089386756,0.6861033388397035,True,True
m10,799_1_350,799_1_350_sampling.prm,alpha_err,A1,11.235440892581158,0.01668731496232012,0.0014852389970151393,0.949871898134154,True,True
m10,799_1_350,799_1_350_sampling.prm,log_q_err,A2,0.9395297636349391,0.0014478910035374667,0.0015410805059924157,0.9886587742450224,True,True
m10,799_1_350,799_1_350_sampling.prm,log_rho_err,A1,2.469625599767923,0.0012458799867117935,0.0005044813217148673,0.9859365722984967,True,True
m10,799_1_350,799_1_350_sampling.prm,log_s_err,A2,0.9876599602086086,0.008297528021277742,0.00840119915312268,1.002140229766825,True,True
m10,799_1_350,799_1_350_sampling.prm,log_tE_err,A1,3.018881913192308,0.0035202201636662755,0.0011660675259549417,1.0008768810363982,True,True
m10,799_1_350,799_1_350_sampling.prm,piEE_err,D,24.45678107098491,11.373790977083823,0.4650567441427313,0.7437657133910534,True,False
m10,799_1_350,799_1_350_sampling.prm,piEN_err,D,2.653839750013837,2.4399631415116225,0.9194086197174869,0.9289197440391528,True,False
m10,799_1_350,799_1_350_sampling.prm,t0_err,A1,1.9053326852058587,7.172093203171894e-10,3.7642209462212606e-10,1.0188228372871873,True,True
m10,799_1_350,799_1_350_sampling.prm,u0_err,C,12.61291031159849,3.8535093540830117,0.30552103034772465,0.9946483632817572,True,False
m10,799_4_916,799_4_916_sampling.prm,alpha_err,A1,6.5706035490632475,0.007069254334802932,0.001075891169207854,0.9936481223803217,True,True
m10,799_4_916,799_4_916_sampling.prm,log_q_err,A2,0.9949290495895644,0.0015171910956181505,0.0015249239091410926,0.9819765150583385,True,True
m10,799_4_916,799_4_916_sampling.prm,log_rho_err,A2,0.9663437053845504,0.002926496215606027,0.0030284216674660767,0.9530849776541023,True,True
m10,799_4_916,799_4_916_sampling.prm,log_s_err,A2,0.9977085854269152,0.022021536858932975,0.022072113220825952,0.9895186217258686,True,True
m10,799_4_916,799_4_916_sampling.prm,log_tE_err,A1,4.391597425850533,0.00024877979751136004,5.664904438802885e-05,0.9894393749927657,True,True
m10,799_4_916,799_4_916_sampling.prm,piEE_err,C,171.8108222240803,2.9775683391428953,0.017330505148619044,0.9366647432421431,True,False
m10,799_4_916,799_4_916_sampling.prm,piEN_err,D,6.666189231776862,2.668324864620274,0.40027739565218384,0.947574322439251,True,False
m10,799_4_916,799_4_916_sampling.prm,t0_err,A1,10.124764415321623,8.721797609152013e-10,8.614321530240716e-11,1.0081666401560687,True,True
m10,799_4_916,799_4_916_sampling.prm,u0_err,A1,10.527393814486507,0.022890662567105827,0.0021743902594017627,0.994561385035818,True,True
m10,7_3_22,7_3_22_sampling.prm,alpha_err,A2,0.929950564544145,0.0022457135772975256,0.0024148741480665243,0.9848512604090162,True,True
m10,7_3_22,7_3_22_sampling.prm,log_q_err,A2,0.6259659672647129,0.009859534369226887,0.015750911207377854,0.9282515114493621,True,True
m10,7_3_22,7_3_22_sampling.prm,log_rho_err,B,0.019613622554467372,0.0726963301087066,3.706420367111054,0.10413524359537174,True,True
m10,7_3_22,7_3_22_sampling.prm,log_s_err,A2,0.4267726925332872,0.018911914918165743,0.04431378869605313,1.000372230190553,True,True
m10,7_3_22,7_3_22_sampling.prm,log_tE_err,A2,0.8588644848452986,0.010020729553123017,0.011667416373524843,0.9847349828874818,True,True
m10,7_3_22,7_3_22_sampling.prm,piEE_err,D,9.581141408375007,16.3737270096551,1.7089536947385622,0.43446745173269347,True,False
m10,7_3_22,7_3_22_sampling.prm,piEN_err,D,0.5654812827313859,20.6398442893379,36.4996064761744,0.2940028331726913,True,False
m10,7_3_22,7_3_22_sampling.prm,t0_err,A2,0.678220510021848,7.249621121071966e-09,1.0689180014385629e-08,1.0095419626015918,True,True
m10,7_3_22,7_3_22_sampling.prm,u0_err,A1,1.6839018686822531,0.017850945399081077,0.010600941617251386,0.979650648993224,True,True
m10,836_2_954,836_2_954_sampling.prm,alpha_err,A2,0.8911697384365992,0.0012747135805715182,0.001430382480006311,0.9964906426017598,True,True
m10,836_2_954,836_2_954_sampling.prm,log_q_err,A2,0.5225124529192414,0.004840835233689569,0.009264535623302666,0.9614925282562528,True,True
m10,836_2_954,836_2_954_sampling.prm,log_rho_err,A1,1.1494369473513348,0.01795134086199099,0.015617508122874022,0.7648060304537331,True,True
m10,836_2_954,836_2_954_sampling.prm,log_s_err,A1,1.2978205543975867,0.04142531175908856,0.0319191367548629,1.003894509984465,True,True
m10,836_2_954,836_2_954_sampling.prm,log_tE_err,A2,0.5267141908567459,0.009830132272780354,0.018663124030872984,0.9928598207540683,True,True
m10,836_2_954,836_2_954_sampling.prm,piEE_err,D,3.2355367824821504,38.98097872896683,12.047762504205707,0.4326936540075009,True,False
m10,836_2_954,836_2_954_sampling.prm,piEN_err,D,0.2881971284326084,51.23352717832057,177.77251097871692,0.27008525297988,True,False
m10,836_2_954,836_2_954_sampling.prm,t0_err,A2,0.9894096123838725,1.1190075888880201e-09,1.130985160121798e-09,0.9958287879691882,True,True
m10,836_2_954,836_2_954_sampling.prm,u0_err,A1,1.428609719257209,0.025003764251720267,0.017502165857250868,1.0012188996217508,True,True
m10,838_1_364,838_1_364_sampling.prm,alpha_err,A2,0.39503378776304165,0.040246254771864276,0.10188053786428446,0.8905216469581025,True,True
m10,838_1_364,838_1_364_sampling.prm,log_q_err,A2,0.7112645188261918,0.02224824294054842,0.031279843647009066,0.8034511477707141,True,True
m10,838_1_364,838_1_364_sampling.prm,log_rho_err,B,0.013215435056974747,0.060709255225778365,4.593814351479687,0.0649758206121525,True,True
m10,838_1_364,838_1_364_sampling.prm,log_s_err,A1,1.5851439112326746,0.06013146754394086,0.0379343901319219,0.9612521960599509,True,True
m10,838_1_364,838_1_364_sampling.prm,log_tE_err,A2,0.9616986769880802,0.02402449128604835,0.02498130845026225,0.9678948367895353,True,True
m10,838_1_364,838_1_364_sampling.prm,piEE_err,D,10.547703868340832,9.421233572726395,0.8932023206495621,0.8371537035177072,True,False
m10,838_1_364,838_1_364_sampling.prm,piEN_err,D,0.2590315574520671,7.4459921746321545,28.745502084277938,0.8628786430342835,True,False
m10,838_1_364,838_1_364_sampling.prm,t0_err,A2,0.40595370074301695,5.140430604781853e-08,1.266260313768128e-07,0.8532291495308708,True,True
m10,838_1_364,838_1_364_sampling.prm,u0_err,A1,1.455470666074117,0.07636874483706882,0.05247013671739633,0.8941139015665449,True,True
m10,84_4_548,84_4_548_sampling.prm,alpha_err,A1,11.35913395104089,0.012265518796747532,0.0010797934815817173,0.9713308165124579,True,True
m10,84_4_548,84_4_548_sampling.prm,log_q_err,A1,1.907564945218486,0.003628297622088968,0.0019020571913861604,0.9568977707811869,True,True
m10,84_4_548,84_4_548_sampling.prm,log_rho_err,A1,1.5045530012326829,0.0047953770260799455,0.003187243667820997,0.937964047327729,True,True
m10,84_4_548,84_4_548_sampling.prm,log_s_err,A1,12.492661265342434,0.00568441042232446,0.0004550199754550573,1.0006404566808211,True,True
m10,84_4_548,84_4_548_sampling.prm,log_tE_err,A1,5.872730064672671,0.006758361710204388,0.0011508040784743748,1.007209032485179,True,True
m10,84_4_548,84_4_548_sampling.prm,piEE_err,D,11.651247200121123,29.002332334511102,2.4892041029057905,0.6288860096783676,True,False
m10,84_4_548,84_4_548_sampling.prm,piEN_err,D,3.102567760729107,15.022860595836615,4.842073325839699,0.7950966622400718,True,False
m10,84_4_548,84_4_548_sampling.prm,t0_err,A1,9.47960702983657,4.577739909704538e-08,4.8290397432049015e-09,0.7581226717890672,True,True
m10,84_4_548,84_4_548_sampling.prm,u0_err,A1,24.167895433641238,0.008118447337061041,0.0003359186719154834,0.9850228054096709,True,True
m10,85_4_724,85_4_724_sampling.prm,alpha_err,A2,0.42011360376153883,0.05466114655511545,0.13011039410697522,0.8694729725887228,True,True
m10,85_4_724,85_4_724_sampling.prm,log_q_err,A1,1.0181263015168989,0.00820671251977971,0.00806060358872233,0.9511300340085183,True,True
m10,85_4_724,85_4_724_sampling.prm,log_rho_err,A1,1.8318054262225063,0.03224085760946331,0.01760059073301766,0.8794396206025342,True,True
m10,85_4_724,85_4_724_sampling.prm,log_s_err,A1,1.100307286257271,0.07157393089795709,0.06504903838401181,0.9880568493500638,True,True
m10,85_4_724,85_4_724_sampling.prm,log_tE_err,A1,1.888359214005133,0.0015987744889146486,0.0008466474371280838,1.0008714516177293,True,True
m10,85_4_724,85_4_724_sampling.prm,piEE_err,C,41.05557803057471,11.868818509912435,0.2890914969233546,0.742383618310199,True,False
m10,85_4_724,85_4_724_sampling.prm,piEN_err,D,0.1426296910117787,4.262342465235406,29.883977417320573,0.8897287937859477,True,False
m10,85_4_724,85_4_724_sampling.prm,t0_err,A2,0.6571789236601393,7.63851558776518e-09,1.1623190143138927e-08,0.8879611365828158,True,True
m10,85_4_724,85_4_724_sampling.prm,u0_err,D,0.42203986516237485,3.078348349129508,7.293975292938618,0.9468707291478405,True,False
m10,875_1_199,875_1_199_sampling.prm,alpha_err,A2,0.4445464804553048,0.018509355666060046,0.04163649130030846,0.9600088827171805,True,True
m10,875_1_199,875_1_199_sampling.prm,log_q_err,A2,0.528401629841771,0.012633775927367632,0.02390941892278189,0.8969096287075597,True,True
m10,875_1_199,875_1_199_sampling.prm,log_rho_err,B,0.057503434832134506,0.07254256445285678,1.2615344572828542,0.21317473793895178,True,True
m10,875_1_199,875_1_199_sampling.prm,log_s_err,B,0.31599607544768094,0.11003819963116347,0.3482264755195745,0.9773270332971387,True,True
m10,875_1_199,875_1_199_sampling.prm,log_tE_err,A2,0.7714718943428962,0.0027439401534489526,0.0035567597129200837,1.004020345766701,True,True
m10,875_1_199,875_1_199_sampling.prm,piEE_err,D,11.639334497526155,72.488493456137,6.227889873905061,0.2375308548742278,True,False
m10,875_1_199,875_1_199_sampling.prm,piEN_err,D,0.21199095742123839,39.692591738801156,187.23719266916495,0.5824795269191736,True,False
m10,875_1_199,875_1_199_sampling.prm,t0_err,A2,0.4329253197044019,3.3194731504411777e-09,7.667542181888757e-09,1.014544219833564,True,True
m10,875_1_199,875_1_199_sampling.prm,u0_err,A2,0.4520528056802864,0.020918562202984364,0.0462745987639749,1.0119787328046692,True,True
m10,875_1_32,875_1_32_sampling.prm,alpha_err,B,0.027159041362011888,0.040541410850501336,1.4927408633504915,0.9052850854794933,True,True
m10,875_1_32,875_1_32_sampling.prm,log_q_err,A2,0.23778314713009402,0.01876352060003332,0.0789102206211762,0.8448646057528882,True,True
m10,875_1_32,875_1_32_sampling.prm,log_rho_err,B,0.0178532258062642,0.06787272080441939,3.801706287756957,0.14245317368029659,True,True
m10,875_1_32,875_1_32_sampling.prm,log_s_err,B,0.1907028807350333,0.07049170328156164,0.3696415230323884,0.9852585769759716,True,True
m10,875_1_32,875_1_32_sampling.prm,log_tE_err,A2,0.09687549602914566,0.005083737516751525,0.05247702179735985,0.9928400737996129,True,True
m10,875_1_32,875_1_32_sampling.prm,piEE_err,D,7.868371318289466,43.324333414011946,5.506137377287677,0.10979906717679278,True,False
m10,875_1_32,875_1_32_sampling.prm,piEN_err,D,0.009486667533640658,16.226243055301744,1710.4260266064862,0.660499881633577,True,False
m10,875_1_32,875_1_32_sampling.prm,t0_err,A2,0.027828074601914013,9.991181351007437e-09,3.5903243375379785e-07,0.9911861455757064,True,True
m10,875_1_32,875_1_32_sampling.prm,u0_err,B,0.026986067346669085,0.16138093444895174,5.98015755225895,0.9773267121761908,True,True
m10,875_1_958,875_1_958_sampling.prm,alpha_err,A1,3.0065824658146654,0.006202398431428335,0.0020629397337178076,0.9856898443637793,True,True
m10,875_1_958,875_1_958_sampling.prm,log_q_err,A1,1.1171205991785769,0.008314207409836865,0.007442533434573075,0.8793586835855712,True,True
m10,875_1_958,875_1_958_sampling.prm,log_rho_err,A1,1.3947599536161963,0.01632193022399871,0.011702322096129026,0.6998773247611415,True,True
m10,875_1_958,875_1_958_sampling.prm,log_s_err,A1,43.8042926165654,0.02609051394217837,0.0005956154610361579,0.9992113751413707,True,True
m10,875_1_958,875_1_958_sampling.prm,log_tE_err,A1,3.158509014590071,0.010977253621190043,0.0034754542635410945,0.9716787687570624,True,True
m10,875_1_958,875_1_958_sampling.prm,piEE_err,D,9.322831859259763,6.061897918687558,0.6502206636566839,0.9528302200587413,True,False
m10,875_1_958,875_1_958_sampling.prm,piEN_err,D,0.4242848398561898,1.286041244883084,3.0310798880275436,0.9730875897028699,True,False
m10,875_1_958,875_1_958_sampling.prm,t0_err,A1,1.6725931505464142,4.0624060724636514e-08,2.4288070719030008e-08,0.8218120119215784,True,True
m10,875_1_958,875_1_958_sampling.prm,u0_err,A1,17.868297180454295,0.027072800478782976,0.0015151304125609279,0.9894850407048484,True,True
m10,877_2_94,877_2_94_sampling.prm,alpha_err,B,0.06537323148068128,0.03921875952419307,0.5999207724002871,0.9189172218046897,True,True
m10,877_2_94,877_2_94_sampling.prm,log_q_err,A2,0.5451629015546042,0.015055701601943913,0.02761688581341574,0.9152943364109429,True,True
m10,877_2_94,877_2_94_sampling.prm,log_rho_err,B,0.01791755865089702,0.0581578216603673,3.2458563576380812,0.06043796725469826,True,True
m10,877_2_94,877_2_94_sampling.prm,log_s_err,A2,0.30688679499972205,0.05963160404290159,0.19431140412201703,0.9891575135289055,True,True
m10,877_2_94,877_2_94_sampling.prm,log_tE_err,A2,0.3743726988065595,0.0024656403400766256,0.006586058085797106,0.9873634400154974,True,True
m10,877_2_94,877_2_94_sampling.prm,piEE_err,D,5.219149972632438,2.219253018741713,0.42521349843916534,0.8738955251986356,True,False
m10,877_2_94,877_2_94_sampling.prm,piEN_err,D,0.062214466697896854,7.228218628480672,116.18228061938882,0.570241374284452,True,False
m10,877_2_94,877_2_94_sampling.prm,t0_err,A2,0.06583169690790695,4.7897260189058165e-09,7.275714046390515e-08,1.0013865261065642,True,True
m10,877_2_94,877_2_94_sampling.prm,u0_err,B,0.06501500364392145,0.26035515224925126,4.004539531754577,0.9873824424803256,True,True
m10,8_5_954,8_5_954_sampling.prm,alpha_err,A2,0.8728624321816699,0.0015590411861374776,0.0017861247416053215,0.9914947747882185,True,True
m10,8_5_954,8_5_954_sampling.prm,log_q_err,A2,0.8681137881887995,0.011858335193369722,0.01365988578307288,0.925303555182655,True,True
m10,8_5_954,8_5_954_sampling.prm,log_rho_err,B,0.02309554789018523,0.06590549952355702,2.8536019079055697,0.12109207638415116,True,True
m10,8_5_954,8_5_954_sampling.prm,log_s_err,A2,0.6872207228106703,0.015294079368983046,0.022254974073586797,0.9952860858609021,True,True
m10,8_5_954,8_5_954_sampling.prm,log_tE_err,A2,0.8527122619005092,0.014623229626458803,0.017149078628078854,0.9771226179215778,True,True
m10,8_5_954,8_5_954_sampling.prm,piEE_err,D,14.423552781168425,5.732440923670417,0.39743612483290286,0.9126879610806451,True,False
m10,8_5_954,8_5_954_sampling.prm,piEN_err,D,0.8459009397016812,19.648651796426304,23.22807656810935,0.710222655241757,True,False
m10,8_5_954,8_5_954_sampling.prm,t0_err,A2,0.9376265496206863,6.134482000835998e-09,6.5425643112576985e-09,1.0091704386635691,True,True
m10,8_5_954,8_5_954_sampling.prm,u0_err,A1,1.5885817166831118,0.015402505515638954,0.009695759024470396,0.9887374896935536,True,True
m10,915_1_655,915_1_655_sampling.prm,alpha_err,A2,0.966359115625591,0.0018546274134179086,0.001919190685356427,0.9967561505340474,True,True
m10,915_1_655,915_1_655_sampling.prm,log_q_err,A2,0.7628297226948161,0.0037220908567751026,0.004879320700334317,0.9860211012708271,True,True
m10,915_1_655,915_1_655_sampling.prm,log_rho_err,A2,0.4047603265770653,0.06002371823745551,0.14829447032286439,0.46921351403372763,True,True
m10,915_1_655,915_1_655_sampling.prm,log_s_err,A2,0.4838198613198538,0.07675072926038166,0.15863492881628868,0.9854318068611716,True,True
m10,915_1_655,915_1_655_sampling.prm,log_tE_err,A2,0.9598798315463547,0.005079731791364607,0.005292049717495597,0.9956863085278329,True,True
m10,915_1_655,915_1_655_sampling.prm,piEE_err,D,32.35411386829796,16.84742954882579,0.520719857060702,0.4255519528139328,True,False
m10,915_1_655,915_1_655_sampling.prm,piEN_err,D,0.6673856690659774,15.37167857861782,23.0326770428422,0.4946134002802,True,False
m10,915_1_655,915_1_655_sampling.prm,t0_err,A1,1.0076818141209913,4.1586017901304643e-10,4.1268997136343526e-10,1.0124722090525724,True,True
m10,915_1_655,915_1_655_sampling.prm,u0_err,A1,1.8559474442564914,0.00963565129166132,0.005191769476813738,1.001508221877837,True,True
m10,918_2_460,918_2_460_sampling.prm,alpha_err,B,0.059000887787259884,0.030040056868347986,0.5091458450025995,0.9317731980878885,True,True
m10,918_2_460,918_2_460_sampling.prm,log_q_err,A2,0.17917229446534383,0.010597437804520996,0.059146632218692666,0.8992335058920266,True,True
m10,918_2_460,918_2_460_sampling.prm,log_rho_err,B,0.08463669481641649,0.06689574549786506,0.7903870258989566,0.12775706472902007,True,True
m10,918_2_460,918_2_460_sampling.prm,log_s_err,A1,1.6544172016411816,0.08099429378235096,0.048956390021818334,0.9611348081475777,True,True
m10,918_2_460,918_2_460_sampling.prm,log_tE_err,A2,0.22719514678226152,0.02738109676630808,0.12051796508025533,0.9697962325698648,True,True
m10,918_2_460,918_2_460_sampling.prm,piEE_err,D,3.225106999329063,22.000955738752662,6.821775446002146,0.7359994209732033,True,False
m10,918_2_460,918_2_460_sampling.prm,piEN_err,D,0.012884019689756833,4.5333045451047616,351.85482902582567,0.9482539919005977,True,False
m10,918_2_460,918_2_460_sampling.prm,t0_err,A2,0.06300964531880934,1.4394644620276573e-07,2.2845144655939765e-06,0.326840935779736,True,True
m10,918_2_460,918_2_460_sampling.prm,u0_err,B,0.20483406490128636,0.0827708773687929,0.40408746176414484,0.8249360930653921,True,True
m20,126_4_794,126_4_794_sampling.prm,alpha_err,A2,0.6918762498529172,0.03498251341612546,0.050561807004594006,0.90908594305694,True,True
m20,126_4_794,126_4_794_sampling.prm,log_q_err,A2,0.6654960744105436,0.029745170952381817,0.044696238033752944,0.8154353677494595,True,True
m20,126_4_794,126_4_794_sampling.prm,log_rho_err,B,0.009082693087856464,0.07120403916977827,7.839529364366377,0.06331424510273828,True,True
m20,126_4_794,126_4_794_sampling.prm,log_s_err,A2,0.4964323704421471,0.09608524799018485,0.19355153634443015,0.952011066389889,True,True
m20,126_4_794,126_4_794_sampling.prm,log_tE_err,A2,0.6377085666599843,0.0024442808077891707,0.0038329119845310487,0.9930247345781913,True,True
m20,126_4_794,126_4_794_sampling.prm,piEE_err,C,2.935877988718996,0.6526659799314458,0.22230691549147852,0.9932067838745284,True,False
m20,126_4_794,126_4_794_sampling.prm,piEN_err,D,0.6962871298546789,20.16332556790694,28.958348795151796,0.8084943159114951,True,False
m20,126_4_794,126_4_794_sampling.prm,t0_err,A2,0.6953903348842957,2.686210983996206e-08,3.8628822536671556e-08,0.8564315392784545,True,True
m20,126_4_794,126_4_794_sampling.prm,u0_err,A2,0.7042766554470673,0.0348323246738526,0.049458297963520324,0.9946145936538503,True,True
m20,127_4_692,127_4_692_sampling.prm,alpha_err,A2,0.5335359276140846,0.010914147133237684,0.020456255274212885,0.9591746753642022,True,True
m20,127_4_692,127_4_692_sampling.prm,log_q_err,A2,0.8256949821011557,0.011044279275789581,0.013375737427500254,0.9200937985020949,True,True
m20,127_4_692,127_4_692_sampling.prm,log_rho_err,A2,0.7487697181030784,0.04869742355382248,0.06503658251189937,0.5276353993314723,True,True
m20,127_4_692,127_4_692_sampling.prm,log_s_err,A2,0.37911010829758574,0.025177672186651553,0.06641255834541906,0.9697599608335938,True,True
m20,127_4_692,127_4_692_sampling.prm,log_tE_err,A2,0.4465247084306846,0.018031797043594866,0.0403825291258076,0.9750780117333251,True,True
m20,127_4_692,127_4_692_sampling.prm,piEE_err,D,3.2805858797658995,32.309449425541416,9.848682707811628,0.7479305234729605,True,False
m20,127_4_692,127_4_692_sampling.prm,piEN_err,D,0.4555619902133784,25.774312499498514,56.576960003678565,0.8026248302564143,True,False
m20,127_4_692,127_4_692_sampling.prm,t0_err,A2,0.5599547242697035,1.4641029556799365e-07,2.614680959410475e-07,0.3132490981968727,True,True
m20,127_4_692,127_4_692_sampling.prm,u0_err,A2,0.3818785039143666,0.0365460289440326,0.09570067068301855,0.7918263192394864,True,True
m20,46_0_902,46_0_902_sampling.prm,alpha_err,A1,14.069588233143898,0.007586172157121762,0.0005391893516294191,0.9931994580725945,True,True
m20,46_0_902,46_0_902_sampling.prm,log_q_err,A1,6.777479032614307,0.009786850488015137,0.0014440251959348387,0.9266391054517349,True,True
m20,46_0_902,46_0_902_sampling.prm,log_rho_err,A1,1.6948976984565336,0.004682770337575451,0.0027628631166588037,0.9184282438306298,True,True
m20,46_0_902,46_0_902_sampling.prm,log_s_err,A1,41.11969012665879,0.009622102897090758,0.00023400232023763575,0.991904154362837,True,True
m20,46_0_902,46_0_902_sampling.prm,log_tE_err,A1,19.092824808473278,0.008695422167080157,0.00045542879350263466,0.9847007108235942,True,True
m20,46_0_902,46_0_902_sampling.prm,piEE_err,D,2.2846739381223133,5.3540409567186975,2.3434595490326204,0.857559327808629,True,False
m20,46_0_902,46_0_902_sampling.prm,piEN_err,D,2.5028783123331344,4.200515638539311,1.678274016695471,0.9034898821188098,True,False
m20,46_0_902,46_0_902_sampling.prm,t0_err,A1,66.30580128387736,7.588854882452667e-08,1.1445235161192359e-09,0.618930521401806,True,True
m20,46_0_902,46_0_902_sampling.prm,u0_err,A1,309.9029609288896,0.011229281256152732,3.6234830485306026e-05,0.9855841859387859,True,True
m20,46_2_524,46_2_524_sampling.prm,alpha_err,A2,0.1332449299007332,0.0066997211632953135,0.05028124648560041,0.9862501065214864,True,True
m20,46_2_524,46_2_524_sampling.prm,log_q_err,A2,0.20770016854549317,0.0031203810219638944,0.015023488155140463,0.9988389230279354,True,True
m20,46_2_524,46_2_524_sampling.prm,log_rho_err,B,0.19452354382675305,0.08739340182572727,0.4492690196080417,0.6270437151231008,True,True
m20,46_2_524,46_2_524_sampling.prm,log_s_err,A2,0.32799501660377733,0.009453705850782331,0.028822711846877066,1.0050195598138187,True,True
m20,46_2_524,46_2_524_sampling.prm,log_tE_err,A2,0.2549920459137805,0.005854401271144084,0.022959152510677178,0.9882650402249001,True,True
m20,46_2_524,46_2_524_sampling.prm,piEE_err,D,10.157201588725373,71.35505660791263,7.02507043742419,0.06827684246316972,True,False
m20,46_2_524,46_2_524_sampling.prm,piEN_err,D,0.04356406204386105,25.367488005029013,582.3030914676549,0.650364856918224,True,False
m20,46_2_524,46_2_524_sampling.prm,t0_err,A2,0.13120010227856144,4.674065970345823e-09,3.562547505048388e-08,1.0120276548229954,True,True
m20,46_2_524,46_2_524_sampling.prm,u0_err,A2,0.4995497228658742,0.010770162513756391,0.021559740744062247,0.9996939571092035,True,True
m20,47_5_534,47_5_534_sampling.prm,alpha_err,A1,10.970980557233272,0.02895986032282072,0.0026396783926234567,0.9182826376231545,True,True
m20,47_5_534,47_5_534_sampling.prm,log_q_err,A1,1.4084641318265188,0.004418611304128563,0.003137184117282729,0.9495545649781647,True,True
m20,47_5_534,47_5_534_sampling.prm,log_rho_err,A1,1.089881102961497,0.006456381547876855,0.005923932005365675,0.8972185639439204,True,True
m20,47_5_534,47_5_534_sampling.prm,log_s_err,A1,1.9588759618331182,0.01683460172635944,0.008594011083073172,1.0047755637969347,True,True
m20,47_5_534,47_5_534_sampling.prm,log_tE_err,A1,1.8777002123243183,0.010158209750332678,0.005409920968032644,0.9831690831810188,True,True
m20,47_5_534,47_5_534_sampling.prm,piEE_err,D,2.8437645952687287,8.288219039830517,2.9145236049495513,0.8517448818332592,True,False
m20,47_5_534,47_5_534_sampling.prm,piEN_err,D,5.731633089226621,13.130395112647317,2.2908645595838415,0.7527391679309079,True,False
m20,47_5_534,47_5_534_sampling.prm,t0_err,A1,1.8839652828522326,3.110981070023888e-08,1.651294266587552e-08,0.8460791818240819,True,True
m20,47_5_534,47_5_534_sampling.prm,u0_err,A1,405.3350945536846,0.10576212593186105,0.000260925163779159,0.9476953671172488,True,True
m20,48_1_848,48_1_848_sampling.prm,alpha_err,A1,1.4381318499902127,0.004286068755085859,0.0029803030613048645,0.9852817900793107,True,True
m20,48_1_848,48_1_848_sampling.prm,log_q_err,A1,1.496659246810299,0.002676216907414418,0.0017881270657419239,0.9890814738175305,True,True
m20,48_1_848,48_1_848_sampling.prm,log_rho_err,A1,1.379848093318139,0.0017341158055961695,0.0012567439952220524,0.9708637630668682,True,True
m20,48_1_848,48_1_848_sampling.prm,log_s_err,A1,1.4308236526515523,0.006172812566703345,0.004314167266709706,1.004160457034841,True,True
m20,48_1_848,48_1_848_sampling.prm,log_tE_err,A1,2.7413842678555773,0.003364049574536104,0.0012271353614966211,0.9958185363112799,True,True
m20,48_1_848,48_1_848_sampling.prm,piEE_err,D,28.490738275017517,37.328719487282726,1.3102054122625144,0.35413419720854844,True,False
m20,48_1_848,48_1_848_sampling.prm,piEN_err,D,0.8782968359780267,29.652614593160276,33.76149540620926,0.4764066778710189,True,False
m20,48_1_848,48_1_848_sampling.prm,t0_err,A1,1.1328369461097216,2.4820662628524364e-10,2.1910181084542723e-10,1.0046018985174336,True,True
m20,48_1_848,48_1_848_sampling.prm,u0_err,A1,22.5772564708044,0.007463339856997635,0.00033056894519707447,1.0034922977892418,True,True
m20,4_0_186,4_0_186_sampling.prm,alpha_err,B,0.0740739142725226,0.0742714622470797,1.0026669034098874,0.8318242964566641,True,True
m20,4_0_186,4_0_186_sampling.prm,log_q_err,A2,0.3577790965746584,0.029435854272968066,0.08227382358216011,0.8440093379491034,True,True
m20,4_0_186,4_0_186_sampling.prm,log_rho_err,B,0.01157132256138645,0.06612101636673524,5.71421425821983,0.04101987781522106,True,True
m20,4_0_186,4_0_186_sampling.prm,log_s_err,B,0.20910216362184433,0.0925401764679857,0.4425596314505006,0.9675625308495087,True,True
m20,4_0_186,4_0_186_sampling.prm,log_tE_err,A1,1.5408545619520926,0.020650158015279425,0.013401756742776525,0.9766458091334236,True,True
m20,4_0_186,4_0_186_sampling.prm,piEE_err,D,1.9076090971831976,49.00024886264615,25.686734737740878,0.27891371970388285,True,False
m20,4_0_186,4_0_186_sampling.prm,piEN_err,D,0.04693158499808293,38.15252876569831,812.9392767633304,0.42852703618140575,True,False
m20,4_0_186,4_0_186_sampling.prm,t0_err,A2,0.20772565519361819,1.7206460521693002e-08,8.283262125544916e-08,0.9471536186582131,True,True
m20,4_0_186,4_0_186_sampling.prm,u0_err,D,0.07566582332655691,0.9207995106790379,12.169292161205613,0.9452380712460265,True,False
m20,4_0_238,4_0_238_sampling.prm,alpha_err,A1,26.66173847131192,0.0532108727985805,0.001995776564076476,0.8682754762551362,True,True
m20,4_0_238,4_0_238_sampling.prm,log_q_err,A2,0.7431683100300869,0.007294617575095167,0.009815565971589729,0.9480429756521446,True,True
m20,4_0_238,4_0_238_sampling.prm,log_rho_err,A2,0.5292120292408694,0.030715993953858427,0.05804099728783399,0.47510632194877456,True,True
m20,4_0_238,4_0_238_sampling.prm,log_s_err,A2,0.7008864538261498,0.04508591981970213,0.0643269955833465,0.9876104551026404,True,True
m20,4_0_238,4_0_238_sampling.prm,log_tE_err,A1,2.9687496004500717,0.0018981131072866343,0.0006393645011350483,1.009426821032364,True,True
m20,4_0_238,4_0_238_sampling.prm,piEE_err,C,498.4103075765208,13.62213533345313,0.027331166965004487,0.833551516322558,True,False
m20,4_0_238,4_0_238_sampling.prm,piEN_err,C,67.78746077678778,0.9637236352444222,0.014216842233076041,0.9892838863847999,True,False
m20,4_0_238,4_0_238_sampling.prm,t0_err,A1,33.2662581264449,1.4966800121009053e-08,4.4990933648504463e-10,0.8619889681600396,True,True
m20,4_0_238,4_0_238_sampling.prm,u0_err,C,2191.4301668562975,6.007951428352845,0.002741566452455802,0.8999331447694076,True,False
m20,596_5_498,596_5_498_sampling.prm,alpha_err,A1,32.182979490175285,0.006134261633737204,0.00019060577146407006,0.9872467212035809,True,True
m20,596_5_498,596_5_498_sampling.prm,log_q_err,A1,5.164795935344054,0.008949657349154747,0.0017328191590126327,0.9393494661129911,True,True
m20,596_5_498,596_5_498_sampling.prm,log_rho_err,A1,3.710249251409018,0.004739938399567207,0.0012775255995987737,0.9322163095533245,True,True
m20,596_5_498,596_5_498_sampling.prm,log_s_err,A1,27.076458086132984,0.004215192260477676,0.00015567738760618977,0.9888546708948752,True,True
m20,596_5_498,596_5_498_sampling.prm,log_tE_err,A1,8.146105338603457,0.007110199892186506,0.0008728342682351634,1.0040108344036274,True,True
m20,596_5_498,596_5_498_sampling.prm,piEE_err,D,3.6445057810040504,30.436049095887636,8.351214382626825,0.500751160122685,True,False
m20,596_5_498,596_5_498_sampling.prm,piEN_err,C,61.54025725601912,10.01898055829982,0.16280368339409054,0.8376322808539018,True,False
m20,596_5_498,596_5_498_sampling.prm,t0_err,A1,9.707705747731266,5.296823573692807e-08,5.4563083300404925e-09,0.6833922652488512,True,True
m20,596_5_498,596_5_498_sampling.prm,u0_err,A1,71.4072204165599,0.006126809994714132,8.580098705667133e-05,0.9720314556507521,True,True
m20,597_4_939,597_4_939_sampling.prm,alpha_err,A2,0.2672545976524066,0.007616590145032798,0.02849937928828073,0.9804201962257036,True,True
m20,597_4_939,597_4_939_sampling.prm,log_q_err,A2,0.2208845459467536,0.006896075493284256,0.031220271493989548,0.9437605509345778,True,True
m20,597_4_939,597_4_939_sampling.prm,log_rho_err,A2,0.6983027043608636,0.0239193801808228,0.03425359809069553,0.6948164968864526,True,True
m20,597_4_939,597_4_939_sampling.prm,log_s_err,A2,0.9968967050521079,0.09271219868536694,0.0930008076218096,1.0001935990045059,True,True
m20,597_4_939,597_4_939_sampling.prm,log_tE_err,A2,0.5216717091131694,0.02228160678280914,0.04271193241567075,0.9622510634246552,True,True
m20,597_4_939,597_4_939_sampling.prm,piEE_err,D,2.305610712493409,51.60078859691628,22.380529513203236,0.1611152690887893,True,False
m20,597_4_939,597_4_939_sampling.prm,piEN_err,D,0.051264434256913204,26.67739904021927,520.3880512271862,0.5645625006443813,True,False
m20,597_4_939,597_4_939_sampling.prm,t0_err,A2,0.9276038875588357,4.665853091144817e-09,5.030005968845051e-09,1.0176811749446135,True,True
m20,597_4_939,597_4_939_sampling.prm,u0_err,A1,1.274917043192187,0.05844644908267108,0.04584333497992197,0.9768436131076949,True,True
m20,598_2_865,598_2_865_sampling.prm,alpha_err,A2,0.293614622192803,0.04537726386996033,0.15454701653163308,0.8889467641262114,True,True
m20,598_2_865,598_2_865_sampling.prm,log_q_err,A1,1.0523337762724438,0.04132912519355071,0.039273779978768644,0.877126697706057,True,True
m20,598_2_865,598_2_865_sampling.prm,log_rho_err,B,0.0012598323137075886,0.06004751829379969,47.66310376424979,0.09736687821815897,True,True
m20,598_2_865,598_2_865_sampling.prm,log_s_err,A2,0.8228032414470556,0.08944444318432589,0.10870696501756709,0.963436682054082,True,True
m20,598_2_865,598_2_865_sampling.prm,log_tE_err,A2,0.5475728661939355,0.004957760985970331,0.009054066211188825,0.9970776863374278,True,True
m20,598_2_865,598_2_865_sampling.prm,piEE_err,D,8.36544163542186,14.887187987199566,1.7796057442039428,0.1928434149740928,True,False
m20,598_2_865,598_2_865_sampling.prm,piEN_err,D,0.06487985896240377,3.62695890758924,55.902694080931504,0.7350982802659255,True,False
m20,598_2_865,598_2_865_sampling.prm,t0_err,A2,0.2705943547286522,1.6651450075955273e-08,6.153657600378652e-08,1.0028708663594819,True,True
m20,598_2_865,598_2_865_sampling.prm,u0_err,A2,0.2734326979205652,0.08614233747725439,0.31504036690695847,0.9796048864940196,True,True
m20,598_5_475,598_5_475_sampling.prm,alpha_err,A1,3.304964781287432,0.026741001446464407,0.008091160788723318,0.9213796989026557,True,True
m20,598_5_475,598_5_475_sampling.prm,log_q_err,A1,1.8241809689967792,0.006936514287244153,0.0038025362642934144,0.9514823788722585,True,True
m20,598_5_475,598_5_475_sampling.prm,log_rho_err,A1,1.0831328123424941,0.008386077646266945,0.007742427845141496,0.8597211380800868,True,True
m20,598_5_475,598_5_475_sampling.prm,log_s_err,A2,0.9419139968778231,0.01279814696437782,0.013587383781109567,0.9931925268763718,True,True
m20,598_5_475,598_5_475_sampling.prm,log_tE_err,A1,2.253471491993146,0.021921688945097245,0.00972796373195207,0.9663599996974767,True,True
m20,598_5_475,598_5_475_sampling.prm,piEE_err,D,1.3712918848543123,22.66870549025707,16.530912011242176,0.7077845891473793,True,False
m20,598_5_475,598_5_475_sampling.prm,piEN_err,D,3.409291271911888,74.84571342630173,21.953452332727554,0.08128205147947117,True,False
m20,598_5_475,598_5_475_sampling.prm,t0_err,A1,1.0093429520275965,2.78743733740179e-09,2.7616355093205014e-09,0.8979281595048572,True,True
m20,598_5_475,598_5_475_sampling.prm,u0_err,C,3.636079523659828,0.36494928345084887,0.10036889487046093,0.9983006541237954,True,False
m20,599_5_281,599_5_281_sampling.prm,alpha_err,A2,0.5600329287691787,0.013965920416971978,0.024937677232061698,0.9581189647348527,True,True
m20,599_5_281,599_5_281_sampling.prm,log_q_err,A2,0.683105126320796,0.0068008985028316414,0.00995585926790109,0.9373567871451302,True,True
m20,599_5_281,599_5_281_sampling.prm,log_rho_err,A2,0.33183397185330327,0.054670557281799634,0.1647527435978385,0.35166183985268773,True,True
m20,599_5_281,599_5_281_sampling.prm,log_s_err,A1,1.6704782674002412,0.019802575650082272,0.011854434766697649,1.0018353576256425,True,True
m20,599_5_281,599_5_281_sampling.prm,log_tE_err,A1,1.1348151580560808,0.007677278947124102,0.006765224180011088,0.9865064204850441,True,True
m20,599_5_281,599_5_281_sampling.prm,piEE_err,C,16.624589474189197,2.8661637543375633,0.17240508457592152,0.9608342479037935,True,False
m20,599_5_281,599_5_281_sampling.prm,piEN_err,B,0.05660793079624251,0.28811859251424965,5.089721324584686,0.9945872956372501,True,True
m20,599_5_281,599_5_281_sampling.prm,t0_err,A2,0.5880260508347056,1.2102804701833332e-07,2.0582089321813797e-07,0.49575699066296713,True,True
m20,599_5_281,599_5_281_sampling.prm,u0_err,A2,0.8847734646300827,0.03321124762304682,0.03753644175679727,0.9709408410372848,True,True
m20,599_5_54,599_5_54_sampling.prm,alpha_err,A2,0.914629515369453,0.003961455355293353,0.004331213118235281,0.9831164684815431,True,True
m20,599_5_54,599_5_54_sampling.prm,log_q_err,A1,1.068160521315125,0.0022386345426261304,0.002095784760767896,0.990947286365655,True,True
m20,599_5_54,599_5_54_sampling.prm,log_rho_err,A2,0.9105007694712847,0.0016428946450983593,0.0018043857843770585,0.9820279452229009,True,True
m20,599_5_54,599_5_54_sampling.prm,log_s_err,A1,2.0284681702697824,0.005162003145878117,0.0025447789723964864,1.001097164198334,True,True
m20,599_5_54,599_5_54_sampling.prm,log_tE_err,A1,1.1063097411010383,0.005134705139917223,0.004641290724609352,0.9933919116444958,True,True
m20,599_5_54,599_5_54_sampling.prm,piEE_err,D,21.858263444985734,23.477055577672562,1.0740585882662228,0.30362105579651527,True,False
m20,599_5_54,599_5_54_sampling.prm,piEN_err,D,0.6335904801814092,22.37669264964545,35.3172804036427,0.34307174026375503,True,False
m20,599_5_54,599_5_54_sampling.prm,t0_err,A2,0.9264327421006125,4.609013221179398e-09,4.975011149464372e-09,1.009467668752825,True,True
m20,599_5_54,599_5_54_sampling.prm,u0_err,A1,2.198611317554432,0.007695036182665635,0.0034999529572262034,0.9976640033789405,True,True
m20,638_0_436,638_0_436_sampling.prm,alpha_err,A1,1.0423574864895278,0.0012292922193402056,0.001179338408630076,1.0052066648699747,True,True
m20,638_0_436,638_0_436_sampling.prm,log_q_err,A1,1.8628227310760548,0.007478065105772331,0.004014372908930871,0.9717489885699974,True,True
m20,638_0_436,638_0_436_sampling.prm,log_rho_err,B,0.22721089106198586,0.08212015721202033,0.36142702855567327,0.6212436120286139,True,True
m20,638_0_436,638_0_436_sampling.prm,log_s_err,A1,2.540929991916155,0.013686897588029925,0.005386570126518292,1.013589058995429,True,True
m20,638_0_436,638_0_436_sampling.prm,log_tE_err,A1,2.758112834206843,0.01431348294303357,0.0051895929584584,0.9858326187896463,True,True
m20,638_0_436,638_0_436_sampling.prm,piEE_err,D,2.49049253107791,30.36726052716072,12.193275084433788,0.6524620046821774,True,False
m20,638_0_436,638_0_436_sampling.prm,piEN_err,D,0.3574440276180133,27.135958863690245,75.91666601487997,0.9283267014663791,True,False
m20,638_0_436,638_0_436_sampling.prm,t0_err,A2,0.6036497370273308,9.101761384742446e-10,1.5077885115239194e-09,1.006739774915149,True,True
m20,638_0_436,638_0_436_sampling.prm,u0_err,A1,2.0687984169918208,0.016970290182154,0.008202969435190308,0.9801408665334976,True,True
m20,676_0_106,676_0_106_sampling.prm,alpha_err,A2,0.40287638898529654,0.036420820833938494,0.09040197397933815,0.9187672171057054,True,True
m20,676_0_106,676_0_106_sampling.prm,log_q_err,A2,0.46888552790211463,0.01190267936845648,0.02538504317186199,0.9259771914903868,True,True
m20,676_0_106,676_0_106_sampling.prm,log_rho_err,B,0.006340786803782736,0.05459714403225326,8.610468341197363,0.12780620168448026,True,True
m20,676_0_106,676_0_106_sampling.prm,log_s_err,A2,0.4913864933818088,0.06804838272680522,0.13848240365437034,0.9963486920374033,True,True
m20,676_0_106,676_0_106_sampling.prm,log_tE_err,A2,0.49992777773812197,0.012856305387632803,0.025716325357634646,0.9790630710197666,True,True
m20,676_0_106,676_0_106_sampling.prm,piEE_err,D,6.467976218527361,19.53537025907679,3.0203219058100728,0.3174286040186755,True,False
m20,676_0_106,676_0_106_sampling.prm,piEN_err,D,0.22747006420312696,12.951555678801123,56.93740723278471,0.5355430566883472,True,False
m20,676_0_106,676_0_106_sampling.prm,t0_err,A2,0.4051499891366021,2.953204515940425e-08,7.289163507652742e-08,0.8618004300520045,True,True
m20,676_0_106,676_0_106_sampling.prm,u0_err,A1,1.0841447358061411,0.03418583272993309,0.031532535832970145,0.9906682582687243,True,True
m20,677_2_84,677_2_84_sampling.prm,alpha_err,A2,0.4698887115778146,0.0344606847384461,0.07333797107560294,0.9290515911814385,True,True
m20,677_2_84,677_2_84_sampling.prm,log_q_err,A2,0.639746405897654,0.0482614505291201,0.07543840822583835,0.7299721223355655,True,True
m20,677_2_84,677_2_84_sampling.prm,log_rho_err,B,1.2379335626548768e-06,0.06195535309162105,50047.39750229518,0.10822451872732912,True,True
m20,677_2_84,677_2_84_sampling.prm,log_s_err,D,0.6296612011711018,0.3456776434707367,0.548989905726784,0.9130072708258999,True,False
m20,677_2_84,677_2_84_sampling.prm,log_tE_err,A1,1.1628299778367124,0.0667388031662741,0.05739343191894021,0.8815654465994298,True,True
m20,677_2_84,677_2_84_sampling.prm,piEE_err,D,2.6334438969069573,5.0147817638652405,1.904267552369436,0.7902347803558721,True,False
m20,677_2_84,677_2_84_sampling.prm,piEN_err,D,0.6490926962752236,4.965772845261672,7.650329257681434,0.7262224630275057,True,False
m20,677_2_84,677_2_84_sampling.prm,t0_err,A2,0.6538761864975455,1.412014228291034e-07,2.1594519841048442e-07,0.37745860223444205,True,True
m20,677_2_84,677_2_84_sampling.prm,u0_err,A2,0.7589031744316912,0.24428650785780578,0.3218941705451965,0.6083088572559993,True,True
m20,678_4_466,678_4_466_sampling.prm,alpha_err,A2,0.5326191322213173,0.0015171863684941833,0.0028485389966497717,0.983552605170843,True,True
m20,678_4_466,678_4_466_sampling.prm,log_q_err,A2,0.5446742576633559,0.0017392919112813128,0.0031932698981274577,0.9821116313508064,True,True
m20,678_4_466,678_4_466_sampling.prm,log_rho_err,A2,0.6703281864619944,0.0012366054411708858,0.0018447761352505764,0.9803103662582153,True,True
m20,678_4_466,678_4_466_sampling.prm,log_s_err,A2,0.7538938526999781,0.002952503827190261,0.003916338907150168,1.0091035493263565,True,True
m20,678_4_466,678_4_466_sampling.prm,log_tE_err,A2,0.6101051897741304,0.0029435789004457567,0.004824707197680963,0.99545536431327,True,True
m20,678_4_466,678_4_466_sampling.prm,piEE_err,D,104.23435531487412,62.808702188017186,0.6025719830883288,0.3719925874998994,True,False
m20,678_4_466,678_4_466_sampling.prm,piEN_err,D,0.34603667463455234,55.19497453222941,159.50614075956128,0.45428672839684026,True,False
m20,678_4_466,678_4_466_sampling.prm,t0_err,A1,1.020221755760816,1.73409009370124e-10,1.6997187953594134e-10,1.0188105681521693,True,True
m20,678_4_466,678_4_466_sampling.prm,u0_err,A1,3.302590128318381,0.0039981860626060435,0.0012106213327300918,0.9847983939649727,True,True
m20,679_2_28,679_2_28_sampling.prm,alpha_err,A1,5.0660556161179,0.0002434035824516491,4.8045975191675525e-05,0.9829632915945965,True,True
m20,679_2_28,679_2_28_sampling.prm,log_q_err,A1,1.4465112162311868,0.0011650124672336042,0.0008053947001316633,0.9817066205467166,True,True
m20,679_2_28,679_2_28_sampling.prm,log_rho_err,A2,0.9419988921345563,0.0005060717931169571,0.0005372318347107664,0.9969740421357733,True,True
m20,679_2_28,679_2_28_sampling.prm,log_s_err,A1,13.35580801213771,0.0007007139324250158,5.2465109695213464e-05,1.0034140161393006,True,True
m20,679_2_28,679_2_28_sampling.prm,log_tE_err,A1,53.259061314747264,0.0003277066379719301,6.1530682269307886e-06,1.0071499851075627,True,True
m20,679_2_28,679_2_28_sampling.prm,piEE_err,A1,2.640921248265857,0.26700796641950286,0.10110410016763349,1.0060774343111154,True,True
m20,679_2_28,679_2_28_sampling.prm,piEN_err,C,9.574130516913057,0.4688249463883059,0.04896788753402821,0.9963050290744601,True,False
m20,679_2_28,679_2_28_sampling.prm,t0_err,A1,1.4946540222878346,8.971510136030559e-10,6.002399218983175e-10,1.010037115272608,True,True
m20,679_2_28,679_2_28_sampling.prm,u0_err,A1,14.229738334887466,0.006993230025876466,0.0004914517654011219,0.9992043398322701,True,True
m20,679_2_369,679_2_369_sampling.prm,alpha_err,A2,0.31093903304675014,0.00579954896829582,0.018651723816944684,0.9853665304678009,True,True
m20,679_2_369,679_2_369_sampling.prm,log_q_err,A2,0.5112013785577765,0.01890180197862439,0.036975256271708376,0.9014391106420861,True,True
m20,679_2_369,679_2_369_sampling.prm,log_rho_err,B,0.011825296347059932,0.07802063980299172,6.597774593817231,0.07636741840682619,True,True
m20,679_2_369,679_2_369_sampling.prm,log_s_err,A2,0.3053220609733663,0.06015354862955546,0.19701671224734313,0.9927075611339093,True,True
m20,679_2_369,679_2_369_sampling.prm,log_tE_err,A2,0.2868975439267555,0.006289763578419704,0.02192337896076751,0.9908497512274846,True,True
m20,679_2_369,679_2_369_sampling.prm,piEE_err,D,1.237883589604309,12.069358874575356,9.749995052792759,0.7924056504344243,True,False
m20,679_2_369,679_2_369_sampling.prm,piEN_err,D,0.15163157482958464,57.712186397483265,380.60797338776376,0.0755168693780218,True,False
m20,679_2_369,679_2_369_sampling.prm,t0_err,A2,0.15851560913830479,1.3835237603576142e-09,8.727996995869916e-09,0.8475552972242889,True,True
m20,679_2_369,679_2_369_sampling.prm,u0_err,A1,1.5506019419418657,0.01341020277770332,0.008648385130299346,0.9892039301792924,True,True
m20,6_5_696,6_5_696_sampling.prm,alpha_err,A2,0.13767294887074646,0.004361918502723938,0.03168319222114653,0.9807349446830681,True,True
m20,6_5_696,6_5_696_sampling.prm,log_q_err,A2,0.2715351969504523,0.015255878515439884,0.05618379748472778,0.8929555162025855,True,True
m20,6_5_696,6_5_696_sampling.prm,log_rho_err,B,0.0036593507943861055,0.07259536912332984,19.838319199870117,0.14102524628002616,True,True
m20,6_5_696,6_5_696_sampling.prm,log_s_err,A2,0.8195584960905825,0.048549058994252894,0.059238064428395555,0.9844879488633718,True,True
m20,6_5_696,6_5_696_sampling.prm,log_tE_err,A2,0.3472737990470303,0.03119848535533189,0.08983829313050701,0.9759312636757655,True,True
m20,6_5_696,6_5_696_sampling.prm,piEE_err,D,1.0282869367317966,99.73732349537575,96.99366969726445,0.10037995672181635,True,False
m20,6_5_696,6_5_696_sampling.prm,piEN_err,D,0.021526404186338555,30.412486957490408,1412.7992159875585,0.7199166259872486,True,False
m20,6_5_696,6_5_696_sampling.prm,t0_err,A2,0.08351311042417493,4.652042361781854e-09,5.570433597974583e-08,1.0073355818027527,True,True
m20,6_5_696,6_5_696_sampling.prm,u0_err,A1,3.116410274931741,0.07890012488052447,0.025317630838016872,0.9128232646183999,True,True
m20,718_0_34,718_0_34_sampling.prm,alpha_err,A2,0.2823788069798579,0.032028894841508615,0.11342527856133779,0.9190445926169933,True,True
m20,718_0_34,718_0_34_sampling.prm,log_q_err,A2,0.4230617010548532,0.00808962476731445,0.0191216192511493,0.9461708847522161,True,True
m20,718_0_34,718_0_34_sampling.prm,log_rho_err,B,0.012221562167611406,0.06941735517924652,5.6799085278321275,0.04242172983516993,True,True
m20,718_0_34,718_0_34_sampling.prm,log_s_err,A2,0.9191756445562377,0.056274194030335845,0.061222459889593864,0.964906202835204,True,True
m20,718_0_34,718_0_34_sampling.prm,log_tE_err,A2,0.8534066231996318,0.021176097345008346,0.02481360792070483,0.9742254656004564,True,True
m20,718_0_34,718_0_34_sampling.prm,piEE_err,D,3.942827584210517,12.347497010642558,3.1316350377808697,0.9157493102784651,True,False
m20,718_0_34,718_0_34_sampling.prm,piEN_err,D,0.1828484340288652,10.906839514415887,59.64961949137661,0.9321443546043024,True,False
m20,718_0_34,718_0_34_sampling.prm,t0_err,A2,0.2129053253681628,1.7924641930143192e-07,8.419066972208101e-07,0.3587129726527828,True,True
m20,718_0_34,718_0_34_sampling.prm,u0_err,A2,0.6105850974327219,0.07924489957233628,0.1297851845803819,0.7947722173830684,True,True
m20,718_0_972,718_0_972_sampling.prm,alpha_err,A2,0.29011589661153026,0.018388297761906758,0.06338259287642199,0.9605365015906099,True,True
m20,718_0_972,718_0_972_sampling.prm,log_q_err,A2,0.3511209524470635,0.04636711768506127,0.13205454519850046,0.6763423203237696,True,True
m20,718_0_972,718_0_972_sampling.prm,log_rho_err,B,0.0032218140933443227,0.05259141433300271,16.323540964591015,0.09111044652178736,True,True
m20,718_0_972,718_0_972_sampling.prm,log_s_err,B,0.4535596804979633,0.1804630750676809,0.39788165224375854,0.973684776427077,True,True
m20,718_0_972,718_0_972_sampling.prm,log_tE_err,A2,0.5412066968932936,0.05201425182486906,0.09610792350399239,0.9065142851338812,True,True
m20,718_0_972,718_0_972_sampling.prm,piEE_err,D,13.128978372763006,8.684844142779436,0.6615019003151653,0.792566675383112,True,False
m20,718_0_972,718_0_972_sampling.prm,piEN_err,D,0.04681570720387382,1.4263042752439292,30.46636183519851,0.9696062831894814,True,False
m20,718_0_972,718_0_972_sampling.prm,t0_err,A2,0.7051638694473011,8.51477688325825e-08,1.2074891031969674e-07,0.972265383586042,True,True
m20,718_0_972,718_0_972_sampling.prm,u0_err,A2,0.6127389864892371,0.12951582668082087,0.21137193737727972,0.8947925444086644,True,True
m20,718_5_233,718_5_233_sampling.prm,alpha_err,A2,0.784452932293225,0.04168633351985168,0.05314064337549001,0.9004075752105418,True,True
m20,718_5_233,718_5_233_sampling.prm,log_q_err,A2,0.8493160948251464,0.032506883179743186,0.038274187169896466,0.8154275687266906,True,True
m20,718_5_233,718_5_233_sampling.prm,log_rho_err,B,0.0004320442018118705,0.06321380341500163,146.31327801623286,0.14367648252781096,True,True
m20,718_5_233,718_5_233_sampling.prm,log_s_err,A1,1.1245849631978222,0.10537500235423747,0.09370123716984226,0.9171455958070898,True,True
m20,718_5_233,718_5_233_sampling.prm,log_tE_err,A1,1.029865035777586,0.059217653504198,0.05750040194294633,0.9199028815204849,True,True
m20,718_5_233,718_5_233_sampling.prm,piEE_err,D,6.311405523592264,21.584585681628884,3.4199332622416536,0.4734140948989182,True,False
m20,718_5_233,718_5_233_sampling.prm,piEN_err,D,0.5427918506884084,14.355247935254978,26.447058696715143,0.5671563820548624,True,False
m20,718_5_233,718_5_233_sampling.prm,t0_err,A2,0.7927208640666693,7.293872410316899e-08,9.201060223013723e-08,0.795408689930708,True,True
m20,718_5_233,718_5_233_sampling.prm,u0_err,A1,1.1473234388258426,0.14797767851447047,0.12897642766359685,0.5693370853921611,True,True
m20,755_5_507,755_5_507_sampling.prm,alpha_err,B,0.08829423208538889,0.07201419028518163,0.8156160213901298,0.8270816542357563,True,True
m20,755_5_507,755_5_507_sampling.prm,log_q_err,A2,0.433045235661502,0.017404738323947733,0.040191501696955456,0.910265040763515,True,True
m20,755_5_507,755_5_507_sampling.prm,log_rho_err,B,0.01728426358317902,0.06690272947748734,3.8707306883815877,0.07890611253510532,True,True
m20,755_5_507,755_5_507_sampling.prm,log_s_err,A2,0.31351431281206144,0.04806802059809569,0.1533200196410504,0.9775071833200396,True,True
m20,755_5_507,755_5_507_sampling.prm,log_tE_err,A1,1.2139891224996944,0.006191198390749815,0.005099879624952218,0.9887722685818058,True,True
m20,755_5_507,755_5_507_sampling.prm,piEE_err,D,1.25190638228853,15.316188208276701,12.234291976591859,0.6229993100773419,True,False
m20,755_5_507,755_5_507_sampling.prm,piEN_err,D,0.07975618668387026,31.1503216586612,390.56934582556937,0.26048499387843227,True,False
m20,755_5_507,755_5_507_sampling.prm,t0_err,A2,0.23836413103474005,1.651348020049982e-08,6.9278377282751e-08,0.9408639527781557,True,True
m20,755_5_507,755_5_507_sampling.prm,u0_err,D,0.08851956872098184,1.2753060187874656,14.407051878068845,0.8594245416712367,True,False
m20,756_3_240,756_3_240_sampling.prm,alpha_err,A2,0.9052838841640759,0.01206850624003275,0.013331184229769658,0.9782515213557119,True,True
m20,756_3_240,756_3_240_sampling.prm,log_q_err,A2,0.871430995828928,0.016955924587741287,0.01945756424650969,0.8804500794362046,True,True
m20,756_3_240,756_3_240_sampling.prm,log_rho_err,A2,0.7790279880683488,0.024057172187448753,0.03088101140897401,0.7825199394984401,True,True
m20,756_3_240,756_3_240_sampling.prm,log_s_err,A2,0.9147396332111994,0.026254652807048473,0.028701776826790964,0.9964948394229144,True,True
m20,756_3_240,756_3_240_sampling.prm,log_tE_err,A1,1.0943505271606693,0.02041064343697836,0.01865091936304402,0.9805738921759175,True,True
m20,756_3_240,756_3_240_sampling.prm,piEE_err,D,1.0797905031896968,70.0487572430833,64.87254429091527,0.6758326315564144,True,False
m20,756_3_240,756_3_240_sampling.prm,piEN_err,D,0.5996551460449335,58.16861494945555,97.00344495183711,0.5255211749524523,True,False
m20,756_3_240,756_3_240_sampling.prm,t0_err,A2,0.8936317617132726,6.830350336913243e-08,7.643361202625657e-08,0.6735539982356318,True,True
m20,756_3_240,756_3_240_sampling.prm,u0_err,A1,28.802688971433483,0.037174150537425905,0.0012906486118117388,0.9679950968143437,True,True
m20,756_3_681,756_3_681_sampling.prm,alpha_err,A2,0.23049592154915818,0.02141384815012423,0.09290337115816286,0.958757231841524,True,True
m20,756_3_681,756_3_681_sampling.prm,log_q_err,A2,0.5221880968953347,0.017636829414548187,0.03377485913487461,0.8986362297509696,True,True
m20,756_3_681,756_3_681_sampling.prm,log_rho_err,B,0.002808603429112806,0.0689840878838501,24.561704642524454,0.05427711802599767,True,True
m20,756_3_681,756_3_681_sampling.prm,log_s_err,A2,0.535512577106515,0.023646286460881766,0.04415636060061844,0.9920640887988865,True,True
m20,756_3_681,756_3_681_sampling.prm,log_tE_err,A2,0.4748597985039939,0.0061372712639290936,0.012924385857181538,1.0027938502247937,True,True
m20,756_3_681,756_3_681_sampling.prm,piEE_err,D,12.06783794548285,25.328041725392865,2.0988052573968714,0.5469273199202593,True,False
m20,756_3_681,756_3_681_sampling.prm,piEN_err,D,0.1915635753297054,42.339350695141526,221.019839613403,0.22726734651164543,True,False
m20,756_3_681,756_3_681_sampling.prm,t0_err,A2,0.22407981898822224,1.705650127040514e-08,7.611797147739412e-08,0.8755284008159405,True,True
m20,756_3_681,756_3_681_sampling.prm,u0_err,A2,0.23340853443156176,0.05324240480908513,0.22810821780253482,0.9677942547460089,True,True
m20,756_4_135,756_4_135_sampling.prm,alpha_err,A2,0.5548666739626728,0.03945722451451103,0.07111118105674051,0.9189174087003299,True,True
m20,756_4_135,756_4_135_sampling.prm,log_q_err,A2,0.9274848916256869,0.017495783510284815,0.018863685724969995,0.9137359022769757,True,True
m20,756_4_135,756_4_135_sampling.prm,log_rho_err,D,0.004394313131312353,0.07430406995889124,16.909143189962087,0.03877987393119679,False,False
m20,756_4_135,756_4_135_sampling.prm,log_s_err,A1,1.9200944068086059,0.030510205731397275,0.015889950839505004,0.9765989574156887,True,True
m20,756_4_135,756_4_135_sampling.prm,log_tE_err,A1,1.809776415609648,0.026269001681838895,0.014515053602900344,0.9730054806568873,True,True
m20,756_4_135,756_4_135_sampling.prm,piEE_err,D,6.069024718815782,16.674137185236756,2.74741625842155,0.5992259097918419,True,False
m20,756_4_135,756_4_135_sampling.prm,piEN_err,D,0.2101023958252553,7.086948699047739,33.73092758514777,0.6953568466436904,True,False
m20,756_4_135,756_4_135_sampling.prm,t0_err,A2,0.5197468350292674,5.623413231463557e-08,1.0819523761307555e-07,0.7147901699750416,True,True
m20,756_4_135,756_4_135_sampling.prm,u0_err,A2,0.5963177924549963,0.13675370314230254,0.22933024114423556,0.8501096217371072,True,True
m20,757_4_84,757_4_84_sampling.prm,alpha_err,B,0.017361599894257923,0.019122602190057236,1.101430876562346,0.9635885280264347,True,True
m20,757_4_84,757_4_84_sampling.prm,log_q_err,A2,0.18075743931360122,0.029893211067307957,0.16537748698378812,0.8383214239216088,True,True
m20,757_4_84,757_4_84_sampling.prm,log_rho_err,B,0.0007386418923613064,0.08532847487423853,115.52076284416879,0.05547443436173851,True,True
m20,757_4_84,757_4_84_sampling.prm,log_s_err,A1,1.0574359095644068,0.3292265356005044,0.3113441983790051,0.8558061303202633,True,True
m20,757_4_84,757_4_84_sampling.prm,log_tE_err,B,0.3883154219081525,0.1722577294010187,0.44360259645253675,0.8848967270312096,True,True
m20,757_4_84,757_4_84_sampling.prm,piEE_err,D,2.417317734045631,60.75528079702675,25.13334508796513,0.5589771495013421,True,False
m20,757_4_84,757_4_84_sampling.prm,piEN_err,D,0.011088763029906513,55.03089966385782,4962.762709910825,0.5494757444425066,True,False
m20,757_4_84,757_4_84_sampling.prm,t0_err,A2,0.015929703028887805,2.6775418994809456e-08,1.6808485975070238e-06,0.8673090458407534,True,True
m20,757_4_84,757_4_84_sampling.prm,u0_err,B,0.48652571648724124,0.25411440249585304,0.5223041534794532,0.3360803755427029,True,True
m20,798_2_656,798_2_656_sampling.prm,alpha_err,A2,0.8402027933813043,0.0019858958154382877,0.0023635910652549334,1.000067984544685,True,True
m20,798_2_656,798_2_656_sampling.prm,log_q_err,A2,0.2512593155010041,0.004874932470235423,0.019401996938959026,0.9754536743424905,True,True
m20,798_2_656,798_2_656_sampling.prm,log_rho_err,B,0.11719055389184406,0.07137973628660146,0.609091210136939,0.09509558833516489,True,True
m20,798_2_656,798_2_656_sampling.prm,log_s_err,A2,0.48670755510810354,0.14183661828355185,0.2914206216750596,1.0050321654724128,True,True
m20,798_2_656,798_2_656_sampling.prm,log_tE_err,A2,0.5773431071483892,0.012133511446184029,0.021016119004371284,0.982364417039719,True,True
m20,798_2_656,798_2_656_sampling.prm,piEE_err,D,14.114031496108169,30.20684369027437,2.140199538211578,0.09021201831004462,True,False
m20,798_2_656,798_2_656_sampling.prm,piEN_err,D,0.02337741046274063,3.7415411459450354,160.0494268562541,0.8690615452701891,True,False
m20,798_2_656,798_2_656_sampling.prm,t0_err,A1,1.013183441624733,1.2289256048833849e-09,1.2129349478044068e-09,1.0058578301335857,True,True
m20,798_2_656,798_2_656_sampling.prm,u0_err,A1,1.9821578818732493,0.03254744521122058,0.01642020825327064,0.9888981773255635,True,True
m20,799_2_91,799_2_91_sampling.prm,alpha_err,B,0.06853711059519872,0.04769243018959468,0.6958628657586816,0.8954774504690014,True,True
m20,799_2_91,799_2_91_sampling.prm,log_q_err,A2,0.2926230455677654,0.012331151205550967,0.042140054901094,0.9264585354464225,True,True
m20,799_2_91,799_2_91_sampling.prm,log_rho_err,B,0.03225598534590174,0.11259500635500526,3.490670185628384,0.14369649920092623,True,True
m20,799_2_91,799_2_91_sampling.prm,log_s_err,A1,1.6585218597588727,0.1557071370249955,0.09388307794003589,0.9130646795238032,True,True
m20,799_2_91,799_2_91_sampling.prm,log_tE_err,A2,0.8781127989241263,0.07076571513881817,0.08058841099403302,0.943027871276605,True,True
m20,799_2_91,799_2_91_sampling.prm,piEE_err,D,1.98689644293162,47.751465971749724,24.033193144829195,0.6300340804764968,True,False
m20,799_2_91,799_2_91_sampling.prm,piEN_err,D,0.06169480483022745,62.65580335996586,1015.5766524001964,0.6437490640360667,True,False
m20,799_2_91,799_2_91_sampling.prm,t0_err,A2,0.062066266888403505,1.2604767325087324e-07,2.0308563664302493e-06,0.32144205914875384,True,True
m20,799_2_91,799_2_91_sampling.prm,u0_err,B,0.18038251018414847,0.15420692315037196,0.8548884423048861,0.5814271809371097,True,True
m20,835_0_887,835_0_887_sampling.prm,alpha_err,A2,0.6314496735378525,0.004150645083298876,0.006573200141262032,0.9844856508978957,True,True
m20,835_0_887,835_0_887_sampling.prm,log_q_err,A2,0.43847650100238234,0.01143264827662884,0.02607357121873841,0.8894721839423837,True,True
m20,835_0_887,835_0_887_sampling.prm,log_rho_err,A2,0.4848760508531781,0.007556937695001212,0.015585297895625443,0.869869665762435,True,True
m20,835_0_887,835_0_887_sampling.prm,log_s_err,A1,1.1618774465863648,0.018604718425129278,0.016012634103356228,0.994898388663509,True,True
m20,835_0_887,835_0_887_sampling.prm,log_tE_err,A2,0.47451163812958996,0.014329463832746959,0.030198340106536138,0.978263103950462,True,True
m20,835_0_887,835_0_887_sampling.prm,piEE_err,D,16.435126850763133,10.926635049990908,0.6648342388354339,0.8851556557646175,True,False
m20,835_0_887,835_0_887_sampling.prm,piEN_err,D,0.2249612541859487,6.997754045011379,31.106485738327045,0.9245523679728448,True,False
m20,835_0_887,835_0_887_sampling.prm,t0_err,A2,0.37052013897372604,5.638084282293786e-08,1.5216674316031142e-07,0.7123903334405034,True,True
m20,835_0_887,835_0_887_sampling.prm,u0_err,A1,1.1430240010326866,0.02108358300232367,0.018445442075822823,0.9698092305789597,True,True
m20,877_0_46,877_0_46_sampling.prm,alpha_err,A2,0.637294821320111,0.03633472764683132,0.057014001104805014,0.9172376016343613,True,True
m20,877_0_46,877_0_46_sampling.prm,log_q_err,A2,0.5343938636364804,0.03249319149192659,0.06080382598485444,0.8324116717054557,True,True
m20,877_0_46,877_0_46_sampling.prm,log_rho_err,B,0.0019052078140012905,0.0707490121552275,37.13453809883417,0.05831969026498801,True,True
m20,877_0_46,877_0_46_sampling.prm,log_s_err,A2,0.29511388444466014,0.06494801340259275,0.22007779649138068,0.9265653900090987,True,True
m20,877_0_46,877_0_46_sampling.prm,log_tE_err,A2,0.4470961006379832,0.05290519393292119,0.11833069860691738,0.9528568574952379,True,True
m20,877_0_46,877_0_46_sampling.prm,piEE_err,D,0.6196180206101058,25.316906117433472,40.85889253592919,0.6267575732357775,True,False
m20,877_0_46,877_0_46_sampling.prm,piEN_err,D,0.3847914270691226,42.34478790008156,110.04607930746567,0.3027043466282439,True,False
m20,877_0_46,877_0_46_sampling.prm,t0_err,A2,0.211433122417443,1.734867139460113e-07,8.205276068500175e-07,0.3286715644394248,True,True
m20,877_0_46,877_0_46_sampling.prm,u0_err,A2,0.31680897746251746,0.09194512322321279,0.29022259394177385,0.7278256761471296,True,True
m20,877_3_116,877_3_116_sampling.prm,alpha_err,A1,8.802863071732748,0.008938513150299698,0.0010154097681017603,0.9737812598938143,True,True
m20,877_3_116,877_3_116_sampling.prm,log_q_err,A1,8.239401277423276,0.021712704589938268,0.002635228441832672,0.8683861191463769,True,True
m20,877_3_116,877_3_116_sampling.prm,log_rho_err,A1,2.419869773692635,0.009758935099752428,0.004032834826834769,0.8515798862988202,True,True
m20,877_3_116,877_3_116_sampling.prm,log_s_err,A1,29.71687354843555,0.014185923902495588,0.0004773693261969144,1.0058813286621602,True,True
m20,877_3_116,877_3_116_sampling.prm,log_tE_err,A1,5.724501913034397,0.021457738822931255,0.0037484027691689794,0.9684520270848601,True,True
m20,877_3_116,877_3_116_sampling.prm,piEE_err,D,2.0005688465130826,6.899855308691013,3.4489466936952478,0.8007390426021834,True,False
m20,877_3_116,877_3_116_sampling.prm,piEN_err,D,2.0331402865187256,7.572636095869524,3.7246008778055755,0.7741478255587853,True,False
m20,877_3_116,877_3_116_sampling.prm,t0_err,A1,4.1091585629277185,6.090805189610236e-08,1.4822511948214094e-08,0.7193052112485886,True,True
m20,877_3_116,877_3_116_sampling.prm,u0_err,A1,162.2774511137567,0.015059883355481132,9.280330232032135e-05,0.9654048704550575,True,True
m20,878_4_806,878_4_806_sampling.prm,alpha_err,A1,10.05130132012222,0.0011186232368851634,0.00011129138419576911,1.0019225489173804,True,True
m20,878_4_806,878_4_806_sampling.prm,log_q_err,A1,8.133985730832675,0.002384986388925995,0.00029321251202660324,1.0064702970513586,True,True
m20,878_4_806,878_4_806_sampling.prm,log_rho_err,A1,2.616688758262911,0.0009332014869192615,0.00035663449998492265,0.9870523670073046,True,True
m20,878_4_806,878_4_806_sampling.prm,log_s_err,A1,6.879383345496822,0.0015492930309450217,0.00022520812595204102,0.9932885776640032,True,True
m20,878_4_806,878_4_806_sampling.prm,log_tE_err,A1,9.570503826933056,0.0010424205841696814,0.00010892013660097281,0.9993609659663075,True,True
m20,878_4_806,878_4_806_sampling.prm,piEE_err,A1,10.721864952260256,0.12538640207927285,0.011694458253071017,0.9953477336209827,True,True
m20,878_4_806,878_4_806_sampling.prm,piEN_err,A1,12.400415623017933,0.20062240989900185,0.01617868432785446,0.9981018539010027,True,True
m20,878_4_806,878_4_806_sampling.prm,t0_err,A1,16.645759500202413,1.7180233731524534e-08,1.032108732035665e-09,1.005596825002102,True,True
m20,878_4_806,878_4_806_sampling.prm,u0_err,A1,16.192741182399313,0.0010284418123287235,6.351252087241335e-05,0.9931257277666834,True,True
m20,879_0_138,879_0_138_sampling.prm,alpha_err,A2,0.06606168244666172,0.013786879733063362,0.2086970725305839,0.9619012366966638,True,True
m20,879_0_138,879_0_138_sampling.prm,log_q_err,A2,0.16287428431149328,0.012171207262944753,0.0747276177721684,0.9184609846954649,True,True
m20,879_0_138,879_0_138_sampling.prm,log_rho_err,A2,0.5973881641875798,0.027504347684892294,0.046040998690184846,0.7282520648762383,True,True
m20,879_0_138,879_0_138_sampling.prm,log_s_err,A2,0.7827481211292909,0.03757190016149482,0.04799998766817718,0.9859151672342712,True,True
m20,879_0_138,879_0_138_sampling.prm,log_tE_err,A2,0.1501721462860554,0.013682743596731786,0.09111372471608824,0.9889993120889382,True,True
m20,879_0_138,879_0_138_sampling.prm,piEE_err,D,1.652505266006543,5.683262186227331,3.4391794707931838,0.8304652789762053,True,False
m20,879_0_138,879_0_138_sampling.prm,piEN_err,D,0.024038978450413008,2.1527849160319072,89.55392678073311,0.9307740226523246,True,False
m20,879_0_138,879_0_138_sampling.prm,t0_err,A2,0.06408543905123076,7.254284515260157e-08,1.1319707912839584e-06,0.656601088263541,True,True
m20,879_0_138,879_0_138_sampling.prm,u0_err,A2,0.5815085996807424,0.0361912492206669,0.062236825458018126,0.9177898925644264,True,True
m20,879_3_703,879_3_703_sampling.prm,alpha_err,A2,0.032205042430997206,0.009992735158188104,0.3102848002637668,0.9696717868263449,True,True
m20,879_3_703,879_3_703_sampling.prm,log_q_err,A2,0.3023729741695441,0.008371926136696968,0.02768741538389846,0.9554267054334561,True,True
m20,879_3_703,879_3_703_sampling.prm,log_rho_err,B,0.02629668363609687,0.07483391754801681,2.8457549470342323,0.08383110677348872,True,True
m20,879_3_703,879_3_703_sampling.prm,log_s_err,A2,0.18753472156995826,0.03142378124387342,0.16756247046310854,0.9954130263308398,True,True
m20,879_3_703,879_3_703_sampling.prm,log_tE_err,A2,0.24216655429851683,0.006207671511694411,0.02563389287870968,0.9975122934366474,True,True
m20,879_3_703,879_3_703_sampling.prm,piEE_err,D,3.0872097737252773,38.462166855268705,12.458553086548811,0.2900132742010082,True,False
m20,879_3_703,879_3_703_sampling.prm,piEN_err,D,0.022365258803325315,41.06872949418621,1836.2733852236943,0.2464122550767282,True,False
m20,879_3_703,879_3_703_sampling.prm,t0_err,A2,0.03274974710498491,1.5409846636793265e-09,4.705333017502202e-08,0.9928620121130776,True,True
m20,879_3_703,879_3_703_sampling.prm,u0_err,B,0.0326301165627268,0.022632077324830257,0.6935947434120647,1.0018865165496782,True,True
m20,879_4_417,879_4_417_sampling.prm,alpha_err,A1,1.3226660300026096,0.008005830393526647,0.006052798069903445,0.9849714891633612,True,True
m20,879_4_417,879_4_417_sampling.prm,log_q_err,A2,0.9485135103207647,0.011769510857759543,0.012408374503573887,0.9229831629442428,True,True
m20,879_4_417,879_4_417_sampling.prm,log_rho_err,A2,0.5918356053488341,0.006872040170750339,0.011611400376460768,0.8269938104847482,True,True
m20,879_4_417,879_4_417_sampling.prm,log_s_err,A1,9.483744080816775,0.02745495051448195,0.0028949484803176416,0.9874157969748547,True,True
m20,879_4_417,879_4_417_sampling.prm,log_tE_err,A1,1.2936445696369436,0.01482617066696913,0.011460776023765197,0.9671757937721103,True,True
m20,879_4_417,879_4_417_sampling.prm,piEE_err,C,5.106544631005148,1.2637996026913167,0.2474862542115012,0.8467974318853635,True,False
m20,879_4_417,879_4_417_sampling.prm,piEN_err,D,0.6724229679728965,2.08554376122648,3.1015355818579695,0.7761099949677005,True,False
m20,879_4_417,879_4_417_sampling.prm,t0_err,A2,0.7431666108384805,3.3497747060729075e-08,4.507434345433673e-08,0.8177102072913608,True,True
m20,879_4_417,879_4_417_sampling.prm,u0_err,A1,132.46207147366374,0.03234892453063058,0.00024421273328087905,0.962229121066666,True,True
m20,88_2_264,88_2_264_sampling.prm,alpha_err,A2,0.8573785489478016,0.00796796894306595,0.009293408323364819,0.9883227167756441,True,True
m20,88_2_264,88_2_264_sampling.prm,log_q_err,A1,1.0241155313014891,0.023865275954610285,0.023303304388208317,0.8491326020771691,True,True
m20,88_2_264,88_2_264_sampling.prm,log_rho_err,B,2.3634006737493504e-13,0.06786120072568984,287133711517.6215,0.09400770088926702,True,True
m20,88_2_264,88_2_264_sampling.prm,log_s_err,A1,1.2116848019030997,0.1477149198387856,0.12190870068418881,0.9715463900303527,True,True
m20,88_2_264,88_2_264_sampling.prm,log_tE_err,A1,1.7623431940352257,0.024301613229540796,0.013789376162254499,0.9759101997095442,True,True
m20,88_2_264,88_2_264_sampling.prm,piEE_err,D,43.88615171904818,15.615218719775575,0.35581198414802007,0.6062200962487622,True,False
m20,88_2_264,88_2_264_sampling.prm,piEN_err,D,0.6175774333680358,13.353792060182286,21.622862719182773,0.6635268640555372,True,False
m20,88_2_264,88_2_264_sampling.prm,t0_err,A2,0.9713185199644391,6.459137319430908e-08,6.649865298221004e-08,0.750049988859516,True,True
m20,88_2_264,88_2_264_sampling.prm,u0_err,A1,2.7266662887460993,0.07313212438341322,0.02682107622970033,0.9103194345424513,True,True
m20,8_4_563,8_4_563_sampling.prm,alpha_err,B,0.12644218542961608,0.10349225703145026,0.8184946873530522,0.7633712928035056,True,True
m20,8_4_563,8_4_563_sampling.prm,log_q_err,A2,0.29797220120869367,0.040709433205715004,0.136621580941381,0.7953737056825708,True,True
m20,8_4_563,8_4_563_sampling.prm,log_rho_err,B,2.1750963428859116e-06,0.06843114548940878,31461.202035131253,0.15910902007685837,True,True
m20,8_4_563,8_4_563_sampling.prm,log_s_err,A2,0.459376174748458,0.13667325027575988,0.2975192397616147,0.8417365645679613,True,True
m20,8_4_563,8_4_563_sampling.prm,log_tE_err,A2,0.6098730576792476,0.10005016932830149,0.16405081035883565,0.8842349509612804,True,True
m20,8_4_563,8_4_563_sampling.prm,piEE_err,D,0.16774616088279498,0.7221813813817549,4.3052036337591435,0.9597302038606772,True,False
m20,8_4_563,8_4_563_sampling.prm,piEN_err,D,0.2312400998245044,5.533057980430173,23.92776159770468,0.6516620122247982,True,False
m20,8_4_563,8_4_563_sampling.prm,t0_err,A2,0.019372253392601214,1.9620615352632926e-07,1.0128204992469573e-05,0.18041618324783903,True,True
m20,8_4_563,8_4_563_sampling.prm,u0_err,B,0.14173981255793125,0.1639171452223752,1.1564650909593925,0.47786733534056935,True,True
m20,915_0_600,915_0_600_sampling.prm,alpha_err,B,0.007921527250029585,0.0153432934128086,1.9369110183583977,0.9732932525521186,True,True
m20,915_0_600,915_0_600_sampling.prm,log_q_err,A2,0.15227575017827824,0.007221938109551113,0.047426711745606,0.9601111909794579,True,True
m20,915_0_600,915_0_600_sampling.prm,log_rho_err,A2,0.7821244128615895,0.019962282990948845,0.025523155475881455,0.733999721670688,True,True
m20,915_0_600,915_0_600_sampling.prm,log_s_err,A2,0.17268222657954935,0.02103291609376293,0.12180127920735212,0.9955563635570979,True,True
m20,915_0_600,915_0_600_sampling.prm,log_tE_err,A2,0.6228641340584572,0.02942460836078875,0.04724081344845453,0.9952877159705932,True,True
m20,915_0_600,915_0_600_sampling.prm,piEE_err,D,1.2106828265626084,87.12564513647456,71.96405468461397,0.17102675920420798,True,False
m20,915_0_600,915_0_600_sampling.prm,piEN_err,D,0.005449263993082846,64.13314142782164,11769.138274312016,0.37720537819109845,True,False
m20,915_0_600,915_0_600_sampling.prm,t0_err,A2,0.045926713722069516,6.877240140803615e-09,1.4974378925568197e-07,0.9645594727629555,True,True
m20,915_0_600,915_0_600_sampling.prm,u0_err,B,0.008081067031555856,0.16846905373292131,20.84737734200997,0.9845969273548467,True,True
m20,919_3_138,919_3_138_sampling.prm,alpha_err,A2,0.74961477018221,0.010198331565454577,0.013604763367957188,0.9719445106555545,True,True
m20,919_3_138,919_3_138_sampling.prm,log_q_err,A2,0.7848814039612733,0.006611796258913726,0.008423943063938304,0.9522373561317027,True,True
m20,919_3_138,919_3_138_sampling.prm,log_rho_err,A2,0.38560447925732033,0.059655380529179035,0.15470613993923552,0.6918452444623486,True,True
m20,919_3_138,919_3_138_sampling.prm,log_s_err,A2,0.9279179834426218,0.022012968005992686,0.023722967329853316,0.9894986891698554,True,True
m20,919_3_138,919_3_138_sampling.prm,log_tE_err,A2,0.7344475279819676,0.010482770916095476,0.014273001837039136,0.9927710132027511,True,True
m20,919_3_138,919_3_138_sampling.prm,piEE_err,D,8.14385691756513,2.9164670416836986,0.3581186495790831,0.9505855623985665,True,False
m20,919_3_138,919_3_138_sampling.prm,piEN_err,D,0.3895887449917645,1.3757357923858031,3.5312513774361856,0.9644737842372898,True,False
m20,919_3_138,919_3_138_sampling.prm,t0_err,A2,0.7388894422096969,1.1062598103964942e-07,1.4971926071756453e-07,0.6926579154819961,True,True
m20,919_3_138,919_3_138_sampling.prm,u0_err,A2,0.8606951340235665,0.025554559689568348,0.02969060551104341,0.9460105695407085,True,True
m30,127_4_714,127_4_714_sampling.prm,alpha_err,A2,0.8508031141293172,0.06785876952773329,0.07975848748176907,0.8391749493150449,True,True
m30,127_4_714,127_4_714_sampling.prm,log_q_err,A2,0.6208786395248915,0.11414936978711408,0.18385133989222663,0.6298507042444098,True,True
m30,127_4_714,127_4_714_sampling.prm,log_rho_err,B,1.194514877825541e-13,0.06531118168387096,546759047511.9193,0.12905412298944133,True,True
m30,127_4_714,127_4_714_sampling.prm,log_s_err,C,2.0853117010990814,0.5709634762922114,0.27380246127774577,0.8847449860991922,True,False
m30,127_4_714,127_4_714_sampling.prm,log_tE_err,A2,0.806712906684068,0.06421786402308859,0.0796043592348748,0.8934029099574854,True,True
m30,127_4_714,127_4_714_sampling.prm,piEE_err,C,17.303255147020444,5.353135306773714,0.3093715755382307,0.5184051322562899,True,False
m30,127_4_714,127_4_714_sampling.prm,piEN_err,D,0.5633858170385577,3.688388693398274,6.546825606626593,0.5936735848737256,True,False
m30,127_4_714,127_4_714_sampling.prm,t0_err,A1,1.1037723659439864,1.1348099577491977e-07,1.0281195586724684e-07,0.4600815087054029,True,True
m30,127_4_714,127_4_714_sampling.prm,u0_err,A1,1.4105744291928588,0.21192105478544848,0.15023741420487205,0.687666320527715,True,True
m30,44_4_586,44_4_586_sampling.prm,alpha_err,A1,2.699912790781974,0.0014550635476879847,0.0005389298323471239,0.9929168257433962,True,True
m30,44_4_586,44_4_586_sampling.prm,log_q_err,A1,3.749506159689797,0.003386608155380186,0.0009032144530895679,0.9841216520908053,True,True
m30,44_4_586,44_4_586_sampling.prm,log_rho_err,A1,2.6694884391777998,0.0023524938436679777,0.0008812526809041149,0.9831818170280346,True,True
m30,44_4_586,44_4_586_sampling.prm,log_s_err,A1,4.342083722083245,0.005450405736242587,0.0012552511847071413,1.0004147684519922,True,True
m30,44_4_586,44_4_586_sampling.prm,log_tE_err,A1,4.170130267782868,0.004474843497845958,0.0010730704343740074,0.9981199577495439,True,True
m30,44_4_586,44_4_586_sampling.prm,piEE_err,D,15.840154333806423,19.92857932469231,1.2581051235189216,0.8683442360711157,True,False
m30,44_4_586,44_4_586_sampling.prm,piEN_err,D,2.8553154819555346,37.143053308271696,13.008388580176556,0.8196219309682828,True,False
m30,44_4_586,44_4_586_sampling.prm,t0_err,A1,3.3015268561261255,4.847899085859165e-09,1.468380933162388e-09,1.011051420144606,True,True
m30,44_4_586,44_4_586_sampling.prm,u0_err,A1,4.270902044626225,0.006883379892193858,0.0016116922889521034,0.9922197902779709,True,True
m30,45_4_944,45_4_944_sampling.prm,alpha_err,A2,0.7506024932825286,0.02762020837128043,0.03679738425926613,0.9434708800812346,True,True
m30,45_4_944,45_4_944_sampling.prm,log_q_err,A2,0.7909693069745147,0.04153378145439557,0.05250997869090993,0.8349749005500126,True,True
m30,45_4_944,45_4_944_sampling.prm,log_rho_err,B,0.000785155936182786,0.060954179166482096,77.63321444504984,0.1373247038199126,True,True
m30,45_4_944,45_4_944_sampling.prm,log_s_err,C,1.0707395158827389,0.3425984283264821,0.31996430807360005,0.9491105315904205,True,False
m30,45_4_944,45_4_944_sampling.prm,log_tE_err,A1,1.0769261625855802,0.048900512203375227,0.045407488370391644,0.9277901572590911,True,True
m30,45_4_944,45_4_944_sampling.prm,piEE_err,D,10.954568776529378,20.972560908462096,1.9145035588618227,0.5030090378675488,True,False
m30,45_4_944,45_4_944_sampling.prm,piEN_err,D,0.2731684973620026,8.082749698904275,29.588879306946666,0.8076506808090077,True,False
m30,45_4_944,45_4_944_sampling.prm,t0_err,A2,0.921012923790403,2.689782199816146e-08,2.9204608647036375e-08,0.9078408336154462,True,True
m30,45_4_944,45_4_944_sampling.prm,u0_err,A1,1.087981281251493,0.11686270226517813,0.10741241993681383,0.861338661741417,True,True
m30,47_0_568,47_0_568_sampling.prm,alpha_err,A1,1.7063221055178686,0.004550692021918934,0.0026669595425172082,0.9920120218036804,True,True
m30,47_0_568,47_0_568_sampling.prm,log_q_err,A1,1.2012501111058842,0.010335925666320028,0.008604307771347183,0.9327633853848938,True,True
m30,47_0_568,47_0_568_sampling.prm,log_rho_err,A2,0.9495730160029258,0.011815073273938702,0.012442511607661667,0.8205411273640543,True,True
m30,47_0_568,47_0_568_sampling.prm,log_s_err,A1,2.6886870152600277,0.012795204028576913,0.0047589042368843615,0.992626666040131,True,True
m30,47_0_568,47_0_568_sampling.prm,log_tE_err,A1,1.4575138857235022,0.005964282947878664,0.004092093397050571,0.982508396972947,True,True
m30,47_0_568,47_0_568_sampling.prm,piEE_err,C,8.403550915380526,0.344284287062879,0.04096890594578961,0.9870237245721041,True,False
m30,47_0_568,47_0_568_sampling.prm,piEN_err,B,0.5136818129766993,0.22018117274449941,0.42863338195406747,0.9723176378774226,True,True
m30,47_0_568,47_0_568_sampling.prm,t0_err,A2,0.7706829735619888,9.605698375107513e-08,1.2463877761190597e-07,0.4045985613723684,True,True
m30,47_0_568,47_0_568_sampling.prm,u0_err,A1,317.6964140239866,0.017669274462281656,5.561685207107057e-05,0.9841790515159734,True,True
m30,47_1_876,47_1_876_sampling.prm,alpha_err,A2,0.618838319536139,0.02814162029096584,0.04547491550306691,0.9233549976767856,True,True
m30,47_1_876,47_1_876_sampling.prm,log_q_err,A2,0.7367316050121707,0.01241751436987944,0.016854868564616966,0.9420600024450844,True,True
m30,47_1_876,47_1_876_sampling.prm,log_rho_err,B,0.0539654125441203,0.05964022949697678,1.1051565564928636,0.1185515139961658,True,True
m30,47_1_876,47_1_876_sampling.prm,log_s_err,A2,0.6001649511989359,0.024730641947601897,0.04120640816861773,0.9705629498630497,True,True
m30,47_1_876,47_1_876_sampling.prm,log_tE_err,A1,1.0378764132216773,0.001416377045681598,0.001364687575166117,1.0060344809825277,True,True
m30,47_1_876,47_1_876_sampling.prm,piEE_err,D,48.74280475017104,29.64190191680507,0.6081287703638157,0.6826623106437377,True,False
m30,47_1_876,47_1_876_sampling.prm,piEN_err,D,0.037617402293623974,1.7430578563588068,46.336475941462055,0.9820232813365747,True,False
m30,47_1_876,47_1_876_sampling.prm,t0_err,A2,0.6414187488460329,4.5288663984287985e-09,7.060701618991674e-09,1.0016236691770883,True,True
m30,47_1_876,47_1_876_sampling.prm,u0_err,A2,0.6375189815532847,0.18206071484496644,0.28557693200190554,0.9820951962132354,True,True
m30,47_4_720,47_4_720_sampling.prm,alpha_err,A2,0.47054689540057426,0.06784605717916925,0.1441855378121499,0.8667927756382687,True,True
m30,47_4_720,47_4_720_sampling.prm,log_q_err,A1,1.1240161517062748,0.03246776659636561,0.028885498261816803,0.8855650404170121,True,True
m30,47_4_720,47_4_720_sampling.prm,log_rho_err,B,0.0048364111332784435,0.07066658210237724,14.611367841772932,0.09581563667809802,True,True
m30,47_4_720,47_4_720_sampling.prm,log_s_err,A2,0.8876766585758027,0.060509670920698755,0.06816634225550221,0.9517125061848936,True,True
m30,47_4_720,47_4_720_sampling.prm,log_tE_err,A2,0.6105786501243341,0.013867223890783334,0.022711609532956162,0.9782659631696843,True,True
m30,47_4_720,47_4_720_sampling.prm,piEE_err,D,4.463023365454916,31.533825051188135,7.065574716742245,0.294473930663492,True,False
m30,47_4_720,47_4_720_sampling.prm,piEN_err,D,0.15639662027032544,17.94334101664424,114.7297236067498,0.5732636455859371,True,False
m30,47_4_720,47_4_720_sampling.prm,t0_err,A2,0.3608808483022796,1.1728172026158443e-08,3.249873768955103e-08,1.0103464624634577,True,True
m30,47_4_720,47_4_720_sampling.prm,u0_err,A2,0.3084540468174986,0.08872655546617052,0.2876491859374661,0.9815677859801506,True,True
m30,4_3_775,4_3_775_sampling.prm,alpha_err,B,0.012009290878528835,0.006240926316093631,0.5196748400233735,0.9819420213709881,True,True
m30,4_3_775,4_3_775_sampling.prm,log_q_err,A2,0.1747579629586116,0.023992752753895615,0.13729132766086247,0.9336668643156106,True,True
m30,4_3_775,4_3_775_sampling.prm,log_rho_err,A2,0.31130064734834795,0.014341337351251753,0.046069089394483904,0.8504572406518268,True,True
m30,4_3_775,4_3_775_sampling.prm,log_s_err,A2,0.124866253257383,0.024565278284226333,0.19673272516306445,0.9914299336271297,True,True
m30,4_3_775,4_3_775_sampling.prm,log_tE_err,A2,0.32778355439502765,0.09218661961412315,0.28124235758034594,0.9695211693167235,True,True
m30,4_3_775,4_3_775_sampling.prm,piEE_err,D,0.05612258823373609,110.9651558627181,1977.192416724918,0.11188182743130384,True,False
m30,4_3_775,4_3_775_sampling.prm,piEN_err,D,0.0014704853190082357,101.87633068610042,69280.7533466642,0.10983410400487133,True,False
m30,4_3_775,4_3_775_sampling.prm,t0_err,A2,0.01177463140331139,6.55423660568036e-10,5.566404909997527e-08,1.0154678596343305,True,True
m30,4_3_775,4_3_775_sampling.prm,u0_err,A2,0.24978959923530283,0.07957759694862739,0.31857850443830915,0.969700332259096,True,True
m30,595_3_258,595_3_258_sampling.prm,alpha_err,A1,1.414390019424654,0.0004847895833046678,0.00034275523486928356,0.9992194170297998,True,True
m30,595_3_258,595_3_258_sampling.prm,log_q_err,A1,1.499142292998244,0.0008535233579042147,0.0005693411238483514,1.006684181465695,True,True
m30,595_3_258,595_3_258_sampling.prm,log_rho_err,A1,1.7680960666141665,0.0004948769230656611,0.0002798925535835452,0.9819219481844425,True,True
m30,595_3_258,595_3_258_sampling.prm,log_s_err,A1,1.460799053703075,0.0021766151331980674,0.001490016801202344,0.9883497143808813,True,True
m30,595_3_258,595_3_258_sampling.prm,log_tE_err,A1,1.8908134330879258,0.0007630560683911311,0.0004035596823241142,1.0082894565096545,True,True
m30,595_3_258,595_3_258_sampling.prm,piEE_err,C,3.3892716087101564,0.3674586807407564,0.10841818631366604,0.9970258386829636,True,False
m30,595_3_258,595_3_258_sampling.prm,piEN_err,A1,1.3496534917228522,0.07561912020297758,0.05602854411649665,1.0000000253765404,True,True
m30,595_3_258,595_3_258_sampling.prm,t0_err,A1,2.026047351471557,2.3982402924534397e-10,1.183703969560016e-10,1.0148768269995345,True,True
m30,595_3_258,595_3_258_sampling.prm,u0_err,A1,2.398026841890335,0.004237933133077947,0.0017672584222356896,0.9947427998893792,True,True
m30,595_3_634,595_3_634_sampling.prm,alpha_err,B,0.06079433295327452,0.0901411354954691,1.4827226670082887,0.8001251364381282,True,True
m30,595_3_634,595_3_634_sampling.prm,log_q_err,A2,0.49365429475047357,0.07238332151644614,0.14662755350489473,0.755757307520659,True,True
m30,595_3_634,595_3_634_sampling.prm,log_rho_err,B,0.0005184874194743823,0.07167802048963845,138.24447382407504,0.04320992416088536,True,True
m30,595_3_634,595_3_634_sampling.prm,log_s_err,A2,0.468935792460383,0.065954332175936,0.14064682891849847,0.9533417328753228,True,True
m30,595_3_634,595_3_634_sampling.prm,log_tE_err,A2,0.5097753160744519,0.0569203124684608,0.11165764734702784,0.9518654448621727,True,True
m30,595_3_634,595_3_634_sampling.prm,piEE_err,D,1.0658364470485744,35.62348779084493,33.42303398376978,0.16509500165516489,True,False
m30,595_3_634,595_3_634_sampling.prm,piEN_err,D,0.0294068894423813,20.941643149708096,712.1339096656355,0.48894640607591383,True,False
m30,595_3_634,595_3_634_sampling.prm,t0_err,A2,0.10715073994888093,1.1621750487884404e-07,1.0846169138382865e-06,0.40681690699763,True,True
m30,595_3_634,595_3_634_sampling.prm,u0_err,D,0.053345649118364126,0.5229263939491473,9.802606259207202,0.7124986021059673,True,False
m30,596_3_322,596_3_322_sampling.prm,alpha_err,A2,0.3520069404263447,0.01701047453418958,0.04832425892963015,0.9500739277383239,True,True
m30,596_3_322,596_3_322_sampling.prm,log_q_err,A2,0.17625194820629358,0.05488422655282618,0.31139642489844765,0.825628334438852,True,True
m30,596_3_322,596_3_322_sampling.prm,log_rho_err,A2,0.21233871955678763,0.018281541704300658,0.08609612859331321,0.7303408034932785,True,True
m30,596_3_322,596_3_322_sampling.prm,log_s_err,A2,0.40280815197478237,0.038233314379368104,0.09491693301619597,0.9847744640630928,True,True
m30,596_3_322,596_3_322_sampling.prm,log_tE_err,B,0.19652871413347234,0.06558385475614976,0.3337113105599853,0.9486268083112644,True,True
m30,596_3_322,596_3_322_sampling.prm,piEE_err,D,0.28885448555650894,32.24941886100085,111.64589948765693,0.22327924959053913,True,False
m30,596_3_322,596_3_322_sampling.prm,piEN_err,D,0.017232391630192277,30.322656151565774,1759.6313269969153,0.4413329709430102,True,False
m30,596_3_322,596_3_322_sampling.prm,t0_err,A2,0.5139044646492665,2.361445286080557e-08,4.595105605265007e-08,0.849352683975216,True,True
m30,596_3_322,596_3_322_sampling.prm,u0_err,A2,0.4696986993795224,0.05986907047443724,0.1274627129126076,0.9041431748370091,True,True
m30,597_4_292,597_4_292_sampling.prm,alpha_err,A1,9.467597454608805,0.06402486929554119,0.006762525508979474,0.8476534648346763,True,True
m30,597_4_292,597_4_292_sampling.prm,log_q_err,A1,1.0581646419266022,0.004286051772899342,0.0040504583153484685,0.9712657566958325,True,True
m30,597_4_292,597_4_292_sampling.prm,log_rho_err,A2,0.19701695958984666,0.049713189491772725,0.2523294928277571,0.19947872274683187,True,True
m30,597_4_292,597_4_292_sampling.prm,log_s_err,A2,0.9503027889407597,0.006588598392262468,0.006933156956854085,0.9970699164497431,True,True
m30,597_4_292,597_4_292_sampling.prm,log_tE_err,A1,1.6681030213446764,0.003220818530065726,0.0019308271065113162,0.9805323371304085,True,True
m30,597_4_292,597_4_292_sampling.prm,piEE_err,D,15.198800463406982,9.528302678477306,0.6269114922205795,0.8254282716523523,True,False
m30,597_4_292,597_4_292_sampling.prm,piEN_err,D,2.6513306374590226,2.3521356802461235,0.887152906172562,0.9533763114154373,True,False
m30,597_4_292,597_4_292_sampling.prm,t0_err,A1,1.5062166625052218,1.7505030004104076e-08,1.1621853907119015e-08,0.9564256253841547,True,True
m30,597_4_292,597_4_292_sampling.prm,u0_err,C,11.15081492301754,2.1000083543600927,0.18832779208138864,0.9525197443069565,True,False
m30,598_4_470,598_4_470_sampling.prm,alpha_err,A1,1.1536036903284879,0.013442743161890203,0.011652826074145438,0.9582736114665336,True,True
m30,598_4_470,598_4_470_sampling.prm,log_q_err,A2,0.6648231775607407,0.011479424968581451,0.01726688442286242,0.9719212605774932,True,True
m30,598_4_470,598_4_470_sampling.prm,log_rho_err,A2,0.8008721030798919,0.011186609358320604,0.013968034740254489,0.841577780245534,True,True
m30,598_4_470,598_4_470_sampling.prm,log_s_err,A1,1.469849396509538,0.05464614327170193,0.03717805606579186,0.9979478892466969,True,True
m30,598_4_470,598_4_470_sampling.prm,log_tE_err,A2,0.6611868475472183,0.012012523614154936,0.01816812245845085,0.9900144402271881,True,True
m30,598_4_470,598_4_470_sampling.prm,piEE_err,D,0.8320051336257439,34.445659540946636,41.4007776500585,0.7090048166927769,True,False
m30,598_4_470,598_4_470_sampling.prm,piEN_err,D,0.1162707437555547,41.83101444420773,359.7724852620916,0.4216034893766912,True,False
m30,598_4_470,598_4_470_sampling.prm,t0_err,A2,0.802907167476259,4.6971076442102504e-09,5.85012543725877e-09,1.008811168797578,True,True
m30,598_4_470,598_4_470_sampling.prm,u0_err,A1,17.673206519427005,0.027234701212779766,0.0015410164071156206,0.9982825728673117,True,True
m30,5_0_897,5_0_897_sampling.prm,alpha_err,A1,1.0852159760642839,0.010361695955026784,0.009548049589727933,0.9868307820435253,True,True
m30,5_0_897,5_0_897_sampling.prm,log_q_err,A1,2.250259053733067,0.0076942573206965,0.0034192762419651694,0.9660744410245329,True,True
m30,5_0_897,5_0_897_sampling.prm,log_rho_err,A2,0.9927155293991997,0.005711605548228237,0.005753516872738913,0.8970141195501043,True,True
m30,5_0_897,5_0_897_sampling.prm,log_s_err,A1,4.1446245748749275,0.05657384599996009,0.01364993257602043,0.9954795513954924,True,True
m30,5_0_897,5_0_897_sampling.prm,log_tE_err,A1,2.383726010497553,0.014015961173986862,0.005879854107503455,0.9691547580012658,True,True
m30,5_0_897,5_0_897_sampling.prm,piEE_err,D,1.540284762103448,8.56316104826042,5.559466183750577,0.46871269867109977,True,False
m30,5_0_897,5_0_897_sampling.prm,piEN_err,D,0.3076448822540455,14.319562237568197,46.54575149325403,0.1226239679718596,True,False
m30,5_0_897,5_0_897_sampling.prm,t0_err,A1,1.3801904990916998,3.739945050644181e-09,2.7097310502466365e-09,1.0170668482790237,True,True
m30,5_0_897,5_0_897_sampling.prm,u0_err,A1,65.42722954034994,0.02660750296538236,0.0004066732330301884,0.9795552912106127,True,True
m30,5_3_559,5_3_559_sampling.prm,alpha_err,A2,0.713941619810779,0.0038617584379611047,0.005409067535500471,0.9898632308163007,True,True
m30,5_3_559,5_3_559_sampling.prm,log_q_err,A2,0.9992862721604274,0.012861646241241928,0.012870832512724735,0.971106572639938,True,True
m30,5_3_559,5_3_559_sampling.prm,log_rho_err,A1,1.360973936117855,0.008078514081879484,0.00593583305858395,0.8766854654872592,True,True
m30,5_3_559,5_3_559_sampling.prm,log_s_err,A2,0.97195969788224,0.012410967295707205,0.012769014314841358,0.9925291890340283,True,True
m30,5_3_559,5_3_559_sampling.prm,log_tE_err,A1,1.3292568694616982,0.025336028519692175,0.01906029534378285,0.983414983972691,True,True
m30,5_3_559,5_3_559_sampling.prm,piEE_err,D,0.9253379758161983,8.616553950107546,9.311791124218455,0.6960398385492006,True,False
m30,5_3_559,5_3_559_sampling.prm,piEN_err,D,0.07407261862952423,24.22911209327505,327.09944027303084,0.0833435327986887,True,False
m30,5_3_559,5_3_559_sampling.prm,t0_err,A1,1.0088111084238438,7.856058586644115e-10,7.787442585677254e-10,1.0169439384128025,True,True
m30,5_3_559,5_3_559_sampling.prm,u0_err,A1,2.4494693961594796,0.05774704417553296,0.023575327891858736,1.0114388427877365,True,True
m30,5_3_59,5_3_59_sampling.prm,alpha_err,A1,2.860389523196517,0.04753715553947102,0.01661911958282791,0.9008278501874297,True,True
m30,5_3_59,5_3_59_sampling.prm,log_q_err,A1,1.2690315130995418,0.028049663882731134,0.02210320515541913,0.9052203672115317,True,True
m30,5_3_59,5_3_59_sampling.prm,log_rho_err,B,0.0037746644294813112,0.060118166809821204,15.926757976226838,0.11554516801991602,True,True
m30,5_3_59,5_3_59_sampling.prm,log_s_err,A1,1.082665049077447,0.03091865671552161,0.02855791524984371,0.9654668115254599,True,True
m30,5_3_59,5_3_59_sampling.prm,log_tE_err,A1,3.0293053244878356,0.008857504029629789,0.002923939015994476,0.9801665819594777,True,True
m30,5_3_59,5_3_59_sampling.prm,piEE_err,C,12.674525975765244,0.5516450944205592,0.04352392314121656,0.9703711810099943,True,False
m30,5_3_59,5_3_59_sampling.prm,piEN_err,D,2.7020312803549307,1.2228052851095468,0.45255038089304533,0.9297377467619745,True,False
m30,5_3_59,5_3_59_sampling.prm,t0_err,A1,2.561336496198283,5.467811623314788e-08,2.1347494292259144e-08,0.7101408221334065,True,True
m30,5_3_59,5_3_59_sampling.prm,u0_err,A1,2.203238631101064,0.03092049018755087,0.014034108585005345,0.9920512087894594,True,True
m30,638_4_450,638_4_450_sampling.prm,alpha_err,A1,1.5387079937372228,0.00043999197368105314,0.00028594897503092715,0.9994921077031172,True,True
m30,638_4_450,638_4_450_sampling.prm,log_q_err,A1,1.3993487956997073,0.0004988284111600847,0.00035647181938700196,0.9963381838639634,True,True
m30,638_4_450,638_4_450_sampling.prm,log_rho_err,A1,1.0602278889176433,0.020044252468518542,0.01890560763213006,0.7685175249686619,True,True
m30,638_4_450,638_4_450_sampling.prm,log_s_err,A1,1.9602895367495492,0.0008295402227663931,0.0004231722953242376,1.0036940188363896,True,True
m30,638_4_450,638_4_450_sampling.prm,log_tE_err,A1,1.9731363737467924,0.00048301083744340696,0.00024479343844146807,1.0014942848742499,True,True
m30,638_4_450,638_4_450_sampling.prm,piEE_err,C,1.5540150233641226,0.3466516603005177,0.22306840995017424,0.9897627905678176,True,False
m30,638_4_450,638_4_450_sampling.prm,piEN_err,D,1.6518931242955963,0.6390082639346254,0.3868339025910727,0.9752133340934263,True,False
m30,638_4_450,638_4_450_sampling.prm,t0_err,A1,1.2976191246638933,3.3756893051878074e-10,2.6014484844019016e-10,1.0016860659171691,True,True
m30,638_4_450,638_4_450_sampling.prm,u0_err,A1,1.602830973350967,0.004963906414382865,0.0030969618736559905,1.0105897278780294,True,True
m30,676_0_410,676_0_410_sampling.prm,alpha_err,B,0.1052724803139041,0.0654873352651486,0.6220745922379414,0.8300986596243667,True,True
m30,676_0_410,676_0_410_sampling.prm,log_q_err,A2,0.37686351938298085,0.007451497715064221,0.01977240388579975,0.9799898994592727,True,True
m30,676_0_410,676_0_410_sampling.prm,log_rho_err,B,0.006849601199322627,0.06273945880702167,9.159578343513797,0.1416934435059768,True,True
m30,676_0_410,676_0_410_sampling.prm,log_s_err,A2,0.15820871315575946,0.0081421133878141,0.051464380345461976,0.990270397469816,True,True
m30,676_0_410,676_0_410_sampling.prm,log_tE_err,A2,0.8184123841419009,0.008103795810027872,0.009901848954209851,0.9925781373234493,True,True
m30,676_0_410,676_0_410_sampling.prm,piEE_err,D,0.4329972596650595,1.1696075883097747,2.7011893544419023,0.9076363331763219,True,False
m30,676_0_410,676_0_410_sampling.prm,piEN_err,D,0.10834001538435281,13.740566911382674,126.8281794370797,0.1581075673770349,True,False
m30,676_0_410,676_0_410_sampling.prm,t0_err,A2,0.1152529090102829,1.215647041712079e-08,1.0547647362233769e-07,1.010259854798182,True,True
m30,676_0_410,676_0_410_sampling.prm,u0_err,D,0.10851944740358113,0.4755879684583192,4.382513732212618,0.9483464918504588,True,False
m30,676_0_701,676_0_701_sampling.prm,alpha_err,A1,21.44139269505841,0.0016149304716348567,7.5318357095668e-05,1.0014033664248803,True,True
m30,676_0_701,676_0_701_sampling.prm,log_q_err,A1,15.124746508448043,0.0015198107867104046,0.00010048504190542981,0.9902192739958671,True,True
m30,676_0_701,676_0_701_sampling.prm,log_rho_err,A1,8.459203094483135,0.0007771872677673267,9.187476161604246e-05,0.9861261379140163,True,True
m30,676_0_701,676_0_701_sampling.prm,log_s_err,A1,18.502844172017642,0.001936452627186471,0.00010465702511374013,0.996794873849946,True,True
m30,676_0_701,676_0_701_sampling.prm,log_tE_err,A1,26.30514123793093,0.0009413936648551874,3.5787440042243015e-05,1.0035130396107577,True,True
m30,676_0_701,676_0_701_sampling.prm,piEE_err,A1,7.094882220682625,0.019678984394865456,0.002773687255511913,1.0169034740434493,True,True
m30,676_0_701,676_0_701_sampling.prm,piEN_err,A1,48.61434148289733,0.18935392177422364,0.0038950218392002473,0.9882687588754132,True,True
m30,676_0_701,676_0_701_sampling.prm,t0_err,A1,7.320247494766902,9.821442450131305e-10,1.3416817473934394e-10,1.0004873685925497,True,True
m30,676_0_701,676_0_701_sampling.prm,u0_err,A1,239.18589005658214,0.002139894140573888,8.946573479178356e-06,0.9984859701566973,True,True
m30,676_1_375,676_1_375_sampling.prm,alpha_err,B,0.021709272994325478,0.0333560207342426,1.5364872302707433,0.9127272031854158,True,True
m30,676_1_375,676_1_375_sampling.prm,log_q_err,A2,0.20563073204478335,0.009059177217313565,0.04405556079691731,0.9586413820769832,True,True
m30,676_1_375,676_1_375_sampling.prm,log_rho_err,D,0.010473488626539369,0.06645126661003374,6.344711774608615,0.029995413646704116,False,False
m30,676_1_375,676_1_375_sampling.prm,log_s_err,A2,0.1475102161982533,0.01914390424309215,0.12978019242655572,1.0029368619895747,True,True
m30,676_1_375,676_1_375_sampling.prm,log_tE_err,A2,0.3353788494212976,0.012563841329680053,0.037461638834289025,0.9993143015957748,True,True
m30,676_1_375,676_1_375_sampling.prm,piEE_err,D,2.4948198476921393,106.31072834601358,42.612587215208144,0.11369451343861126,True,False
m30,676_1_375,676_1_375_sampling.prm,piEN_err,D,0.008620671057131303,45.461915027867384,5273.593520339671,0.6351758555150068,True,False
m30,676_1_375,676_1_375_sampling.prm,t0_err,A2,0.026246702938509246,7.129836397662454e-09,2.7164693464037096e-07,0.9374699876787425,True,True
m30,676_1_375,676_1_375_sampling.prm,u0_err,B,0.021856288470391776,0.16910672504369129,7.7372114333490964,0.9699456393623385,True,True
m30,677_3_912,677_3_912_sampling.prm,alpha_err,A2,0.33019946396345906,0.010369204778784447,0.03140285164100671,0.9781402269252525,True,True
m30,677_3_912,677_3_912_sampling.prm,log_q_err,A2,0.33480850272482054,0.013929418424983084,0.0416041358317345,0.928162333249807,True,True
m30,677_3_912,677_3_912_sampling.prm,log_rho_err,B,0.0007260554034715799,0.06467680334722219,89.07970801949115,0.07406975537469646,True,True
m30,677_3_912,677_3_912_sampling.prm,log_s_err,A2,0.721749536766332,0.037919254141048464,0.05253796810308852,0.9912120232881919,True,True
m30,677_3_912,677_3_912_sampling.prm,log_tE_err,A1,1.0342165808354595,0.02261201394948345,0.021863905847667845,0.9621144103780105,True,True
m30,677_3_912,677_3_912_sampling.prm,piEE_err,D,2.510530355333603,1.4365276790020292,0.5722008801646778,0.9782438338312014,True,False
m30,677_3_912,677_3_912_sampling.prm,piEN_err,D,0.23883482262464012,1.7268931997617996,7.2304916878718135,0.9678761334663084,True,False
m30,677_3_912,677_3_912_sampling.prm,t0_err,A2,0.312175250409539,1.7388824221978602e-07,5.570212308364104e-07,0.3825245041870123,True,True
m30,677_3_912,677_3_912_sampling.prm,u0_err,A1,1.1894022052341873,0.10451035632881378,0.08786796919401726,0.8876723258025613,True,True
m30,678_3_456,678_3_456_sampling.prm,alpha_err,A1,42.230765197547036,0.00187171647831752,4.432115945713999e-05,0.9915841847633825,True,True
m30,678_3_456,678_3_456_sampling.prm,log_q_err,A1,6.453327142453957,0.010492161652130001,0.0016258530554116967,0.9477468934582469,True,True
m30,678_3_456,678_3_456_sampling.prm,log_rho_err,A1,3.7979134706109914,0.0032556684477801157,0.0008572255458090672,0.9298513365716573,True,True
m30,678_3_456,678_3_456_sampling.prm,log_s_err,A1,76.30919096809794,0.0030757683690657536,4.0306656774170487e-05,0.9824475806117106,True,True
m30,678_3_456,678_3_456_sampling.prm,log_tE_err,A1,38.71629403386732,0.0037159501449081397,9.597897313357495e-05,0.9838304771912658,True,True
m30,678_3_456,678_3_456_sampling.prm,piEE_err,C,152.02467988348397,0.5646455144868141,0.003714170060542633,0.9850972360445288,True,False
m30,678_3_456,678_3_456_sampling.prm,piEN_err,C,62.37142319875813,2.0081784706651495,0.03219709231687268,0.9461433061817652,True,False
m30,678_3_456,678_3_456_sampling.prm,t0_err,A1,111.38666570426379,5.739373703449025e-08,5.152657786424185e-10,0.6057846075375568,True,True
m30,678_3_456,678_3_456_sampling.prm,u0_err,A1,267.0649750302536,0.0038956410708058846,1.4586866249925055e-05,0.995528363491045,True,True
m30,715_0_326,715_0_326_sampling.prm,alpha_err,A2,0.9520836097124349,0.021660551433486885,0.02275068199107974,0.9543427846018576,True,True
m30,715_0_326,715_0_326_sampling.prm,log_q_err,A2,0.8422406523229593,0.021553060265962005,0.025590144819674924,0.9446618757313022,True,True
m30,715_0_326,715_0_326_sampling.prm,log_rho_err,B,0.012108300353533288,0.08450562400582912,6.979148314665796,0.09520199756998676,True,True
m30,715_0_326,715_0_326_sampling.prm,log_s_err,A1,1.1452046300619207,0.07734859128040701,0.06754128410764877,0.9749106353105438,True,True
m30,715_0_326,715_0_326_sampling.prm,log_tE_err,A1,1.2752298626365564,0.02006026375029737,0.01573070419541657,0.9775551062940706,True,True
m30,715_0_326,715_0_326_sampling.prm,piEE_err,D,4.465136987400795,3.991106245487438,0.8938373574537753,0.8998783901587613,True,False
m30,715_0_326,715_0_326_sampling.prm,piEN_err,D,0.7645186186681727,15.06894670291205,19.710372429075516,0.5704694814445113,True,False
m30,715_0_326,715_0_326_sampling.prm,t0_err,A2,0.7563153909686687,1.1463079473997384e-07,1.5156480498586408e-07,0.4122195964620477,True,True
m30,715_0_326,715_0_326_sampling.prm,u0_err,A1,1.369605859289187,0.06623334138538958,0.048359417372647685,0.885507917823786,True,True
m30,715_1_103,715_1_103_sampling.prm,alpha_err,B,0.009122719707504183,0.025829526682265236,2.83134059912181,0.944512042676763,True,True
m30,715_1_103,715_1_103_sampling.prm,log_q_err,A2,0.4469349465891677,0.060069487687767195,0.13440320150884144,0.783697798052899,True,True
m30,715_1_103,715_1_103_sampling.prm,log_rho_err,B,0.0031221461896125168,0.06846228059848905,21.927954823597087,0.13435818823161577,True,True
m30,715_1_103,715_1_103_sampling.prm,log_s_err,A2,0.3579341599125552,0.1192747504187295,0.3332309787025323,0.9466043274839282,True,True
m30,715_1_103,715_1_103_sampling.prm,log_tE_err,A2,0.43722254676156425,0.08657435810784847,0.19800982074023984,0.9416206621674773,True,True
m30,715_1_103,715_1_103_sampling.prm,piEE_err,D,0.06847723306685405,59.016136583457694,861.8358823850326,0.10627356290726231,True,False
m30,715_1_103,715_1_103_sampling.prm,piEN_err,D,0.005604196593984572,60.802783023100964,10849.509292440847,0.14552450551052998,True,False
m30,715_1_103,715_1_103_sampling.prm,t0_err,A2,0.020011443753355514,1.2545135564621106e-08,6.268980748836546e-07,0.9778292160932907,True,True
m30,715_1_103,715_1_103_sampling.prm,u0_err,B,0.01800446466487034,0.14233259361970027,7.90540547964275,0.9611381889085696,True,True
m30,716_0_418,716_0_418_sampling.prm,alpha_err,A2,0.40687751958620116,0.05332535165390398,0.13105996052113283,0.8564272302690009,True,True
m30,716_0_418,716_0_418_sampling.prm,log_q_err,A2,0.9423330571326568,0.07754553480885149,0.08229100552283292,0.752505824364213,True,True
m30,716_0_418,716_0_418_sampling.prm,log_rho_err,B,0.15520772102479943,0.06832521442941779,0.440217883351954,0.3626811185452256,True,True
m30,716_0_418,716_0_418_sampling.prm,log_s_err,A1,1.0391782582566582,0.0837158968405149,0.08055970780312321,0.9123996489349916,True,True
m30,716_0_418,716_0_418_sampling.prm,log_tE_err,A2,0.24394330679437848,0.007003476032274418,0.02870944123987668,0.991460551616461,True,True
m30,716_0_418,716_0_418_sampling.prm,piEE_err,D,0.5223359004501614,11.24686504632965,21.531862995893704,0.7924004484163238,True,False
m30,716_0_418,716_0_418_sampling.prm,piEN_err,D,0.3797462976984701,32.09896778463723,84.52740152880902,0.403702778006339,True,False
m30,716_0_418,716_0_418_sampling.prm,t0_err,A2,0.18833456418496752,3.518697739994376e-08,1.8683228727673082e-07,0.8495881247791769,True,True
m30,716_0_418,716_0_418_sampling.prm,u0_err,D,0.4000026994981906,15.491560005590614,38.72863864425167,0.29207870959095866,True,False
m30,717_0_208,717_0_208_sampling.prm,alpha_err,A2,0.4480155138094994,0.026495130404540213,0.05913886815938745,0.9501283962408106,True,True
m30,717_0_208,717_0_208_sampling.prm,log_q_err,A2,0.22654788624026043,0.04140616791269922,0.18277004742735412,0.8617855149693774,True,True
m30,717_0_208,717_0_208_sampling.prm,log_rho_err,B,2.9661862255026395e-14,0.06234910601085164,2101995669549.9177,0.07495102038283823,True,True
m30,717_0_208,717_0_208_sampling.prm,log_s_err,D,0.9041460391868013,0.7839755693317684,0.8670895357091698,0.8769927940802422,True,False
m30,717_0_208,717_0_208_sampling.prm,log_tE_err,A2,0.9067815585241795,0.0921133422730268,0.10158272563785337,0.8965280004539453,True,True
m30,717_0_208,717_0_208_sampling.prm,piEE_err,D,2.176711054029216,19.477955257800133,8.948342142952477,0.4732263355104703,True,False
m30,717_0_208,717_0_208_sampling.prm,piEN_err,D,0.12210298562437102,15.802915289149748,129.42284095955458,0.4848557810440135,True,False
m30,717_0_208,717_0_208_sampling.prm,t0_err,A2,0.20166672210368272,1.1352462934636654e-07,5.62931891598854e-07,0.6157515655050058,True,True
m30,717_0_208,717_0_208_sampling.prm,u0_err,C,1.3278068369763882,0.41735846100254553,0.3143216689205579,0.620411601575782,True,False
m30,717_1_38,717_1_38_sampling.prm,alpha_err,A2,0.13830065702986474,0.015350788444375318,0.11099577380214802,0.9557605743741477,True,True
m30,717_1_38,717_1_38_sampling.prm,log_q_err,A2,0.8991458325360029,0.012555986222883446,0.013964349017188698,0.9669266627057643,True,True
m30,717_1_38,717_1_38_sampling.prm,log_rho_err,A2,0.3528054161027157,0.0675264233434377,0.19139848840579612,0.3053054359529392,True,True
m30,717_1_38,717_1_38_sampling.prm,log_s_err,A2,0.6876991813610458,0.013645540788967769,0.01984231064803869,0.9953188088431126,True,True
m30,717_1_38,717_1_38_sampling.prm,log_tE_err,A1,1.4459971293432685,0.034988087368663434,0.024196512329560466,0.9835818720872259,True,True
m30,717_1_38,717_1_38_sampling.prm,piEE_err,D,0.8219274606095118,94.27950831619735,114.70538804760588,0.06423269503344407,True,False
m30,717_1_38,717_1_38_sampling.prm,piEN_err,D,0.0808493800918493,77.49351615818185,958.4923974697763,0.861851199409957,True,False
m30,717_1_38,717_1_38_sampling.prm,t0_err,A2,0.48117026501544136,8.977649343426344e-09,1.8657947084777235e-08,0.8587054101217371,True,True
m30,717_1_38,717_1_38_sampling.prm,u0_err,B,0.10761114441213242,0.08223409986928908,0.7641782857948842,0.9769981734175425,True,True
m30,758_1_715,758_1_715_sampling.prm,alpha_err,B,0.043113594659015465,0.015332229042693157,0.3556240012913663,0.955949228186418,True,True
m30,758_1_715,758_1_715_sampling.prm,log_q_err,A2,0.5794535562821322,0.01065527919405781,0.018388495641348385,0.9501243767176274,True,True
m30,758_1_715,758_1_715_sampling.prm,log_rho_err,A2,0.44758439716030574,0.005482528096579586,0.012249149280813686,0.9368597647575488,True,True
m30,758_1_715,758_1_715_sampling.prm,log_s_err,A2,0.9668226145157043,0.010572473059358128,0.01093527695838397,0.9967702655494174,True,True
m30,758_1_715,758_1_715_sampling.prm,log_tE_err,A2,0.32599481701408395,0.011369601058033623,0.03487663135927226,0.9822700662098789,True,True
m30,758_1_715,758_1_715_sampling.prm,piEE_err,D,0.44534359870114953,18.686452480199545,41.9596296762743,0.7907046756008516,True,False
m30,758_1_715,758_1_715_sampling.prm,piEN_err,D,0.030251938949589153,14.81314503004491,489.6593588506526,0.8345492636559051,True,False
m30,758_1_715,758_1_715_sampling.prm,t0_err,A2,0.0672847534572421,3.843877537889333e-08,5.712850743121216e-07,0.7297088368305198,True,True
m30,758_1_715,758_1_715_sampling.prm,u0_err,B,0.04432515322878023,0.04476211978728904,1.0098582075115103,0.8745356251802489,True,True
m30,759_2_802,759_2_802_sampling.prm,alpha_err,A1,3.1800590478850017,9.673222810158144e-05,3.0418374830466198e-05,1.0042301723205813,True,True
m30,759_2_802,759_2_802_sampling.prm,log_q_err,A1,5.688703358770271,0.0006001817776696071,0.00010550414388268414,0.9950541917821507,True,True
m30,759_2_802,759_2_802_sampling.prm,log_rho_err,A1,1.0913128694794334,0.00038051709947403326,0.0003486782847668089,0.9911335178383482,True,True
m30,759_2_802,759_2_802_sampling.prm,log_s_err,A1,6.095576014240112,0.0005780325043395161,9.482820048329345e-05,1.0041116705906101,True,True
m30,759_2_802,759_2_802_sampling.prm,log_tE_err,A1,7.036536271769017,0.00030782804404250354,4.374709830993512e-05,1.0038859863089564,True,True
m30,759_2_802,759_2_802_sampling.prm,piEE_err,A1,1.8000197490689531,0.2140124253442587,0.11889448738268292,1.000569916052354,True,True
m30,759_2_802,759_2_802_sampling.prm,piEN_err,C,3.261788521756021,0.4298161025087856,0.13177313600864263,0.9838346904832008,True,False
m30,759_2_802,759_2_802_sampling.prm,t0_err,A1,6.085840909729875,1.9243931535079576e-09,3.1620825816055933e-10,1.0124228237778532,True,True
m30,759_2_802,759_2_802_sampling.prm,u0_err,A1,8.849788670555807,0.0005289610588539095,5.977103844454721e-05,1.0054655767378644,True,True
m30,759_2_888,759_2_888_sampling.prm,alpha_err,B,0.05079231374284018,0.0281975489522015,0.5551538584157589,0.9318604089265549,True,True
m30,759_2_888,759_2_888_sampling.prm,log_q_err,A2,0.1854475438332889,0.04377088209666988,0.23602837326343037,0.7914574858158981,True,True
m30,759_2_888,759_2_888_sampling.prm,log_rho_err,B,0.000330035636611695,0.06672059555518471,202.16179149673206,0.050002814064564305,True,True
m30,759_2_888,759_2_888_sampling.prm,log_s_err,D,0.6737463499270233,0.37592686185297736,0.5579649698936341,0.8729645901796989,True,False
m30,759_2_888,759_2_888_sampling.prm,log_tE_err,B,0.20946617244522622,0.07785830873949053,0.37169872266535003,0.8858545023447117,True,True
m30,759_2_888,759_2_888_sampling.prm,piEE_err,D,0.7244886984680095,20.715910172214603,28.593834818983495,0.8430487493629963,True,False
m30,759_2_888,759_2_888_sampling.prm,piEN_err,D,0.052371610201022545,39.715738436659514,758.3448033049798,0.674687032799541,True,False
m30,759_2_888,759_2_888_sampling.prm,t0_err,A2,0.04690540712423943,1.8082940422307298e-07,3.85519314956815e-06,0.2810249063782847,True,True
m30,759_2_888,759_2_888_sampling.prm,u0_err,B,0.4386854501770446,0.2760208313699897,0.6291998771753048,0.45729759005880716,True,True
m30,795_2_413,795_2_413_sampling.prm,alpha_err,B,0.014465215845785521,0.02191025849668571,1.5146859010105487,0.9517395262043379,True,True
m30,795_2_413,795_2_413_sampling.prm,log_q_err,B,0.028959981819835192,0.03097121307411901,1.0694486366323024,0.8801668127157983,True,True
m30,795_2_413,795_2_413_sampling.prm,log_rho_err,B,0.15088750820206828,0.07736908700222218,0.5127600549848675,0.6912503651488076,True,True
m30,795_2_413,795_2_413_sampling.prm,log_s_err,B,0.07931520483587377,0.06844967177659282,0.8630081951907594,0.9594970440453303,True,True
m30,795_2_413,795_2_413_sampling.prm,log_tE_err,B,0.06834629982692264,0.0815208456548153,1.1927616544166302,0.9070299277632862,True,True
m30,795_2_413,795_2_413_sampling.prm,piEE_err,D,0.6762902081909193,115.85876499400041,171.31515966189033,0.1232845728801357,True,False
m30,795_2_413,795_2_413_sampling.prm,piEN_err,D,0.004865564299908342,83.75921558883527,17214.697088765868,0.31402377211019045,True,False
m30,795_2_413,795_2_413_sampling.prm,t0_err,A2,0.013095492570508065,3.285938874349252e-08,2.5092136524512327e-06,0.8482923917031054,True,True
m30,795_2_413,795_2_413_sampling.prm,u0_err,B,0.46995883432010477,0.18865416801498328,0.40142700644815327,0.7922739069613612,True,True
m30,796_4_917,796_4_917_sampling.prm,alpha_err,B,0.06959571448625564,0.08263602740428433,1.1873723549544708,0.7798515036771155,True,True
m30,796_4_917,796_4_917_sampling.prm,log_q_err,A2,0.1990544436048412,0.018867926915090562,0.09478777048829308,0.9477874067319799,True,True
m30,796_4_917,796_4_917_sampling.prm,log_rho_err,B,0.0019222729704386097,0.06453061863317539,33.56995578960426,0.08709468211187642,True,True
m30,796_4_917,796_4_917_sampling.prm,log_s_err,A2,0.14756511065532332,0.0232725710005906,0.15771052450839643,0.9917785756254657,True,True
m30,796_4_917,796_4_917_sampling.prm,log_tE_err,A2,0.20224447295286366,0.009331944967946893,0.046141903566985755,0.9792188146926346,True,True
m30,796_4_917,796_4_917_sampling.prm,piEE_err,D,13.309502792926088,10.377405100166229,0.7796989310285694,0.7858120640853671,True,False
m30,796_4_917,796_4_917_sampling.prm,piEN_err,D,0.009642708337122234,1.3769394262533121,142.79592186278293,0.9579991108835134,True,False
m30,796_4_917,796_4_917_sampling.prm,t0_err,A2,0.0595718852878218,1.3625178363482142e-07,2.287182669753029e-06,0.44643028007210545,True,True
m30,796_4_917,796_4_917_sampling.prm,u0_err,B,0.0733380022399818,0.24573257572798737,3.350685432143132,0.8178183180512846,True,True
m30,7_0_82,7_0_82_sampling.prm,alpha_err,A2,0.8345622819973361,0.01641549017504218,0.019669580724107752,0.970936836515462,True,True
m30,7_0_82,7_0_82_sampling.prm,log_q_err,A2,0.7532282833170725,0.01377544004041659,0.018288532634159995,0.9762600402637953,True,True
m30,7_0_82,7_0_82_sampling.prm,log_rho_err,B,0.0029401638389724882,0.06579863430059517,22.37924071727584,0.06301340783111317,True,True
m30,7_0_82,7_0_82_sampling.prm,log_s_err,A2,0.7355419880241092,0.05041109683766443,0.0685359879632216,0.984174175000552,True,True
m30,7_0_82,7_0_82_sampling.prm,log_tE_err,A1,1.7803479849106358,0.011273502074776398,0.006332190206816376,0.9854257830252634,True,True
m30,7_0_82,7_0_82_sampling.prm,piEE_err,D,13.746991090703203,10.168798762288823,0.7397108716514529,0.5569402703555348,True,False
m30,7_0_82,7_0_82_sampling.prm,piEN_err,D,0.6868782410454702,11.900235620956046,17.325102048425887,0.4630807489160123,True,False
m30,7_0_82,7_0_82_sampling.prm,t0_err,A2,0.879342036918808,7.655351916362825e-09,8.705772719779191e-09,1.0135334104258638,True,True
m30,7_0_82,7_0_82_sampling.prm,u0_err,A1,2.3078507019675096,0.027818770326485272,0.01205397311999817,0.9958386751131908,True,True
m30,836_3_333,836_3_333_sampling.prm,alpha_err,A1,1.363420633571882,0.0009517675334231868,0.0006980732944680112,1.00258704752232,True,True
m30,836_3_333,836_3_333_sampling.prm,log_q_err,A1,3.2472661591061613,0.0012036008544920877,0.00037065050892637314,0.9967336295431373,True,True
m30,836_3_333,836_3_333_sampling.prm,log_rho_err,A1,1.4737743436754216,0.0007035506235122365,0.00047738015424916613,0.9832529379936134,True,True
m30,836_3_333,836_3_333_sampling.prm,log_s_err,A1,7.943354146639,0.0013432668757156552,0.00016910575191766058,0.9946896667516546,True,True
m30,836_3_333,836_3_333_sampling.prm,log_tE_err,A1,3.619689060338016,0.001102625334674272,0.00030461879909964034,0.9950005686387137,True,True
m30,836_3_333,836_3_333_sampling.prm,piEE_err,C,3.280107958007766,0.5832631913851221,0.17781829099898827,1.0023474309851053,True,False
m30,836_3_333,836_3_333_sampling.prm,piEN_err,D,1.5989552875498005,2.2335015940901166,1.396850563290409,0.9604364428244129,True,False
m30,836_3_333,836_3_333_sampling.prm,t0_err,A1,1.0740822287737273,4.2759531713296955e-10,3.981029623971643e-10,1.0177057402979437,True,True
m30,836_3_333,836_3_333_sampling.prm,u0_err,A1,22.11112298060371,0.0025155612016087166,0.00011376903849774677,1.003017388351349,True,True
m30,836_3_866,836_3_866_sampling.prm,alpha_err,A2,0.21032020985694913,0.04030222525587068,0.19162316965774495,0.9264415554138262,True,True
m30,836_3_866,836_3_866_sampling.prm,log_q_err,A2,0.4160204158796684,0.03140098194085629,0.07547942538939928,0.900501881772297,True,True
m30,836_3_866,836_3_866_sampling.prm,log_rho_err,B,4.775690862670062e-05,0.06495487208444772,1360.1146714117885,0.08470015544372166,True,True
m30,836_3_866,836_3_866_sampling.prm,log_s_err,A2,0.4029758794832955,0.029352264945428932,0.07283876390583241,0.9735601437395986,True,True
m30,836_3_866,836_3_866_sampling.prm,log_tE_err,A2,0.6241608285524525,0.0098055367824067,0.015709952201178025,0.9909519242197767,True,True
m30,836_3_866,836_3_866_sampling.prm,piEE_err,D,2.9977846828127146,1.651907646767066,0.5510427937796853,0.9481985999312812,True,False
m30,836_3_866,836_3_866_sampling.prm,piEN_err,D,0.18171362873356633,2.4899060016937025,13.702362442744858,0.9331746330575234,True,False
m30,836_3_866,836_3_866_sampling.prm,t0_err,A2,0.23338901420999295,1.7197475980810602e-07,7.368588465495246e-07,0.1920286412711894,True,True
m30,836_3_866,836_3_866_sampling.prm,u0_err,B,0.23985452004187144,0.09547177459660393,0.39804033953555434,0.923492828895438,True,True
m30,836_4_746,836_4_746_sampling.prm,alpha_err,A1,1.0247879015616173,0.014669329720128688,0.014314503223325442,0.9745168124181659,True,True
m30,836_4_746,836_4_746_sampling.prm,log_q_err,A2,0.2559346174801088,0.026757625498086038,0.1045486763828095,0.8654431115340674,True,True
m30,836_4_746,836_4_746_sampling.prm,log_rho_err,B,0.0009224058938690678,0.06898312327700193,74.78608249959191,0.0686154415054682,True,True
m30,836_4_746,836_4_746_sampling.prm,log_s_err,D,0.9597558709866405,0.42940159204139167,0.4474071011412118,0.9446473606762177,True,False
m30,836_4_746,836_4_746_sampling.prm,log_tE_err,A2,0.7178602330953924,0.05782639378074091,0.08055383362217347,0.9346787215825453,True,True
m30,836_4_746,836_4_746_sampling.prm,piEE_err,D,10.835523572490995,60.94015454667455,5.624107975860821,0.3851202473997919,True,False
m30,836_4_746,836_4_746_sampling.prm,piEN_err,D,0.1861654914421431,85.4287570851155,458.8861040966083,0.1504589365226645,True,False
m30,836_4_746,836_4_746_sampling.prm,t0_err,A2,0.22065080602789014,4.478500986886054e-08,2.0296780544368256e-07,0.755446878068144,True,True
m30,836_4_746,836_4_746_sampling.prm,u0_err,A1,2.4588530505908057,0.1991472290544918,0.08099191979229556,0.7635094643236251,True,True
m30,837_0_118,837_0_118_sampling.prm,alpha_err,A2,0.2552524769388853,0.04265058064517291,0.16709174052553727,0.8885607817856119,True,True
m30,837_0_118,837_0_118_sampling.prm,log_q_err,A2,0.25591379904050376,0.04419619712415788,0.17269954683906238,0.8698001316383354,True,True
m30,837_0_118,837_0_118_sampling.prm,log_rho_err,B,0.0028052334345947125,0.0800183800900324,28.524677876439576,0.0545488825718387,True,True
m30,837_0_118,837_0_118_sampling.prm,log_s_err,A2,0.8965404083273233,0.20070380430656262,0.22386476107754696,0.9070918278182374,True,True
m30,837_0_118,837_0_118_sampling.prm,log_tE_err,A2,0.5092981931212274,0.08598335802321411,0.16882714131826426,0.9048833148484001,True,True
m30,837_0_118,837_0_118_sampling.prm,piEE_err,D,1.7350884931070933,29.260501881849315,16.863982441294016,0.3751805510762377,True,False
m30,837_0_118,837_0_118_sampling.prm,piEN_err,D,0.13323703998390896,33.895065310501096,254.3967151671533,0.30454832798371856,True,False
m30,837_0_118,837_0_118_sampling.prm,t0_err,A2,0.16469200319201546,1.195890251174942e-07,7.261374128655452e-07,0.5604462436890505,True,True
m30,837_0_118,837_0_118_sampling.prm,u0_err,B,0.8246915962570917,0.31693671756289715,0.3843093818359881,0.8079576452232743,True,True
m30,837_1_16,837_1_16_sampling.prm,alpha_err,A2,0.4076147693368434,0.010834619055551664,0.026580536012418596,0.9887210508877322,True,True
m30,837_1_16,837_1_16_sampling.prm,log_q_err,A2,0.5480510494067006,0.015892328692034528,0.028997898479054027,0.9257295804794122,True,True
m30,837_1_16,837_1_16_sampling.prm,log_rho_err,B,0.03019703428557967,0.07029052980788293,2.3277295757964405,0.0705861621355252,True,True
m30,837_1_16,837_1_16_sampling.prm,log_s_err,A2,0.39479539740829805,0.026378960006714025,0.0668167870747309,0.989129624146026,True,True
m30,837_1_16,837_1_16_sampling.prm,log_tE_err,A1,1.1675587047234612,0.026255184937374082,0.022487250389343533,0.9710235297428866,True,True
m30,837_1_16,837_1_16_sampling.prm,piEE_err,D,11.53912454353838,47.92542187301958,4.153297912002919,0.3323001201190015,True,False
m30,837_1_16,837_1_16_sampling.prm,piEN_err,D,0.20929271768130195,31.443580058051296,150.23733461157326,0.7017222612209069,True,False
m30,837_1_16,837_1_16_sampling.prm,t0_err,A1,1.0861155985751652,3.979365845788441e-09,3.6638511140147733e-09,0.9183272721071821,True,True
m30,837_1_16,837_1_16_sampling.prm,u0_err,A1,2.318638329312487,0.07595896824386969,0.03276016241239,0.9943836465843753,True,True
m30,837_3_723,837_3_723_sampling.prm,alpha_err,A1,1.572978095325702,0.0061246295665990935,0.003893652165150414,0.9823854982181306,True,True
m30,837_3_723,837_3_723_sampling.prm,log_q_err,A1,1.535511368268228,0.0067437146232841826,0.004391836337160983,0.9760685286313356,True,True
m30,837_3_723,837_3_723_sampling.prm,log_rho_err,A1,1.2650109833792789,0.001817518176100953,0.0014367607870452931,0.9854426455810663,True,True
m30,837_3_723,837_3_723_sampling.prm,log_s_err,A1,1.3201846151564631,0.0013642997523665087,0.001033415884947892,1.0024195750838898,True,True
m30,837_3_723,837_3_723_sampling.prm,log_tE_err,A1,1.5774095818087925,0.005093400097526776,0.0032289648524172453,0.9838381855591803,True,True
m30,837_3_723,837_3_723_sampling.prm,piEE_err,D,12.667779396018075,12.896187931660643,1.0180306688727438,0.9877928821946209,True,False
m30,837_3_723,837_3_723_sampling.prm,piEN_err,D,1.227247374847709,15.37325579518821,12.526615342808046,0.9412549541704713,True,False
m30,837_3_723,837_3_723_sampling.prm,t0_err,A1,1.3729886121540855,1.5177409285474717e-09,1.1054286358328083e-09,1.0100618665343963,True,True
m30,837_3_723,837_3_723_sampling.prm,u0_err,A1,1.4550766549338978,0.0018943357643113105,0.001301880390897597,1.003473875707902,True,True
m30,85_2_664,85_2_664_sampling.prm,alpha_err,A1,1.1667316251685058,0.006127398849193888,0.005251763744990571,0.9772315447502797,True,True
m30,85_2_664,85_2_664_sampling.prm,log_q_err,A1,1.4012262831423639,0.01059980615686191,0.00756466409771517,0.9398529932923209,True,True
m30,85_2_664,85_2_664_sampling.prm,log_rho_err,A1,1.7130827909485766,0.005058264071726222,0.002952725985254534,0.8932079355072026,True,True
m30,85_2_664,85_2_664_sampling.prm,log_s_err,A1,2.037462919533473,0.009666291140807875,0.004744278312079029,0.9990224155469929,True,True
m30,85_2_664,85_2_664_sampling.prm,log_tE_err,A1,2.008791565680123,0.012469124907657362,0.006207276613806196,0.9789243425845147,True,True
m30,85_2_664,85_2_664_sampling.prm,piEE_err,D,7.623053882154128,7.814296450981067,1.0250873956531577,0.4933770677687601,True,False
m30,85_2_664,85_2_664_sampling.prm,piEN_err,D,0.8304024719464834,6.652133519941271,8.01073424594764,0.5493002333581332,True,False
m30,85_2_664,85_2_664_sampling.prm,t0_err,A1,1.353841857569741,1.0136181394697981e-08,7.486975925602767e-09,0.8787917731127736,True,True
m30,85_2_664,85_2_664_sampling.prm,u0_err,A1,97.51426220077383,0.02000813841858819,0.0002051816623233336,0.9750062261557719,True,True
m30,85_4_5,85_4_5_sampling.prm,alpha_err,A2,0.9647457974403517,0.012689726531125212,0.013153440590042883,0.9751864898234046,True,True
m30,85_4_5,85_4_5_sampling.prm,log_q_err,A1,1.210384214205894,0.011959921003357916,0.00988109466646056,0.9651919569828613,True,True
m30,85_4_5,85_4_5_sampling.prm,log_rho_err,B,0.12005183633016622,0.07405342285017615,0.6168453987368808,0.3726400367487226,True,True
m30,85_4_5,85_4_5_sampling.prm,log_s_err,A2,0.7287670843126369,0.01340338706416067,0.018391866691952148,0.9938453104170606,True,True
m30,85_4_5,85_4_5_sampling.prm,log_tE_err,A1,1.7069697511964737,0.017182599164511658,0.010066141566051644,0.9828455625125242,True,True
m30,85_4_5,85_4_5_sampling.prm,piEE_err,D,2.038177992649349,22.51178130569142,11.04505170150975,0.3406745860774062,True,False
m30,85_4_5,85_4_5_sampling.prm,piEN_err,D,0.586926932979505,15.976437599192428,27.220488107589212,0.4922382150400372,True,False
m30,85_4_5,85_4_5_sampling.prm,t0_err,A2,0.9441278736187503,2.0980891053891887e-09,2.2222509937636064e-09,1.0169562300678976,True,True
m30,85_4_5,85_4_5_sampling.prm,u0_err,A2,0.8551562184143865,0.04351554857968253,0.05088608097871076,0.9968660371569675,True,True
m30,86_1_758,86_1_758_sampling.prm,alpha_err,A2,0.7876031664780695,0.008510671331432795,0.010805786078146465,0.9731242669008221,True,True
m30,86_1_758,86_1_758_sampling.prm,log_q_err,A2,0.7985294955902386,0.02149475305759142,0.026917919972014846,0.9003308829463748,True,True
m30,86_1_758,86_1_758_sampling.prm,log_rho_err,B,0.00036572996971336003,0.0565052319650148,154.4998677830549,0.05928451320104385,True,True
m30,86_1_758,86_1_758_sampling.prm,log_s_err,A2,0.7467651195094768,0.13019267630850767,0.17434220333433162,0.9775280689103152,True,True
m30,86_1_758,86_1_758_sampling.prm,log_tE_err,A1,2.1927201099422415,0.02242049915996482,0.010224970828837521,0.9636250142506194,True,True
m30,86_1_758,86_1_758_sampling.prm,piEE_err,D,17.998167376402193,8.846086314883316,0.4914992804479427,0.6643863691843283,True,False
m30,86_1_758,86_1_758_sampling.prm,piEN_err,D,0.7285654308932801,14.771147804632019,20.27429133787119,0.4426493443206188,True,False
m30,86_1_758,86_1_758_sampling.prm,t0_err,A1,1.044372656468954,6.35653540970655e-09,6.086462883084407e-09,1.0022474617698942,True,True
m30,86_1_758,86_1_758_sampling.prm,u0_err,A1,1.577633137532909,0.0720796801238143,0.04568849272304965,0.971623133019602,True,True
m30,875_1_14,875_1_14_sampling.prm,alpha_err,B,0.04399015561039136,0.06359501523374367,1.4456647027345648,0.8665945561014526,True,True
m30,875_1_14,875_1_14_sampling.prm,log_q_err,A2,0.24710678985024112,0.08142211699241382,0.32950173907305275,0.7851524301801288,True,True
m30,875_1_14,875_1_14_sampling.prm,log_rho_err,B,0.0005541822984502725,0.07678308150860606,138.55202831870298,0.09626580220530832,True,True
m30,875_1_14,875_1_14_sampling.prm,log_s_err,A2,0.35728417400329854,0.08919561986661875,0.24964895272913845,0.9503977954818907,True,True
m30,875_1_14,875_1_14_sampling.prm,log_tE_err,A2,0.456500988257858,0.09070962110498594,0.19870629733171122,0.938240244416026,True,True
m30,875_1_14,875_1_14_sampling.prm,piEE_err,D,2.850049134869686,41.50781760746025,14.563895442931768,0.8084309597780275,True,False
m30,875_1_14,875_1_14_sampling.prm,piEN_err,D,0.02781919047437077,33.64910061894605,1209.5643347331136,0.518165567259466,True,False
m30,875_1_14,875_1_14_sampling.prm,t0_err,A2,0.050789427670805604,1.2109356094571478e-07,2.384227712322123e-06,0.5680448854171155,True,True
m30,875_1_14,875_1_14_sampling.prm,u0_err,B,0.05235075660201125,0.14675263167753874,2.8032571294662185,0.8414223196721626,True,True
m30,876_2_224,876_2_224_sampling.prm,alpha_err,A1,1.1394365388139263,0.004343280344698552,0.0038117790651330205,1.0027112283239688,True,True
m30,876_2_224,876_2_224_sampling.prm,log_q_err,A1,2.467236542747494,0.009983860100259654,0.004046575967597218,0.9423555427660328,True,True
m30,876_2_224,876_2_224_sampling.prm,log_rho_err,A1,2.5221990976006725,0.004853488143095274,0.0019243080959438607,0.905339247896455,True,True
m30,876_2_224,876_2_224_sampling.prm,log_s_err,A1,1.271885207835008,0.024206954642021127,0.019032342300156158,1.0052619610275788,True,True
m30,876_2_224,876_2_224_sampling.prm,log_tE_err,A1,2.460122372254374,0.010803459572385415,0.00439143178169852,0.9836180091667421,True,True
m30,876_2_224,876_2_224_sampling.prm,piEE_err,C,11.05575070904648,3.1975073930305067,0.289216668969762,0.86766001853627,True,False
m30,876_2_224,876_2_224_sampling.prm,piEN_err,D,0.9632916256079582,3.668855278635844,3.808665186225755,0.8648834409090835,True,False
m30,876_2_224,876_2_224_sampling.prm,t0_err,A1,1.0993468775983077,2.274108721118377e-09,2.0685997908926774e-09,1.0075465122539773,True,True
m30,876_2_224,876_2_224_sampling.prm,u0_err,A1,1.9774590790974196,0.038499468269587354,0.019469160538664515,0.997111042582609,True,True
m30,876_2_849,876_2_849_sampling.prm,alpha_err,A1,1.4959599517367779,0.0006042409940201221,0.0004039152206705875,0.9936153387505533,True,True
m30,876_2_849,876_2_849_sampling.prm,log_q_err,A1,5.350985645955474,0.0012821366931280956,0.00023960757474600865,1.0012840177200244,True,True
m30,876_2_849,876_2_849_sampling.prm,log_rho_err,A1,1.5640931037454193,0.0008934827594432143,0.0005712465308514285,0.9905670605602332,True,True
m30,876_2_849,876_2_849_sampling.prm,log_s_err,A1,4.763084213243551,0.0035447403417443943,0.0007442111419924921,1.0046037352900985,True,True
m30,876_2_849,876_2_849_sampling.prm,log_tE_err,A1,7.205113428513032,0.0009957505818425508,0.0001382005421180511,0.9927445702072548,True,True
m30,876_2_849,876_2_849_sampling.prm,piEE_err,D,1.2984403377083027,3.3134846818047876,2.551895982878167,0.9425367304505071,True,False
m30,876_2_849,876_2_849_sampling.prm,piEN_err,D,3.2433043843636664,6.380266222305217,1.967211666307114,0.9172159906804586,True,False
m30,876_2_849,876_2_849_sampling.prm,t0_err,A1,1.2261643887351381,5.916310181363164e-10,4.825054646601009e-10,1.0014364556302344,True,True
m30,876_2_849,876_2_849_sampling.prm,u0_err,A1,8.427594741259975,0.004233100168959082,0.0005022904279241849,0.9927860843416176,True,True
m30,876_4_180,876_4_180_sampling.prm,alpha_err,A2,0.26271211065771166,0.0077949707843189,0.029671151302480263,0.9847210218113902,True,True
m30,876_4_180,876_4_180_sampling.prm,log_q_err,A2,0.8666357544231439,0.0066061169368005455,0.007622714506162689,0.9687200754183669,True,True
m30,876_4_180,876_4_180_sampling.prm,log_rho_err,B,0.12392747879735813,0.06197132181810891,0.5000611843273456,0.07065229610465916,True,True
m30,876_4_180,876_4_180_sampling.prm,log_s_err,A2,0.31211795200905545,0.00865598318865353,0.027733051344648044,1.0041351034053712,True,True
m30,876_4_180,876_4_180_sampling.prm,log_tE_err,A1,2.115646186761684,0.010522828865604699,0.004973813169446579,0.9894374013398326,True,True
m30,876_4_180,876_4_180_sampling.prm,piEE_err,D,2.652433031093445,32.03924969764667,12.079192696691285,0.41820934489678735,True,False
m30,876_4_180,876_4_180_sampling.prm,piEN_err,D,0.19516628238089512,36.03195509651708,184.62182430772305,0.3466467964351011,True,False
m30,876_4_180,876_4_180_sampling.prm,t0_err,A2,0.2683095778721234,1.0693543948194028e-09,3.985524494876803e-09,1.0058578301335857,True,True
m30,876_4_180,876_4_180_sampling.prm,u0_err,A1,1.8186406747806894,0.03285594197326848,0.018066208695805504,0.9964682421052917,True,True
m30,877_0_578,877_0_578_sampling.prm,alpha_err,A2,0.49358526103541517,0.059372232171968964,0.12028769264183713,0.8397867401973679,True,True
m30,877_0_578,877_0_578_sampling.prm,log_q_err,A2,0.45949811712204586,0.012060868458405554,0.026247917040326203,0.9507656556533827,True,True
m30,877_0_578,877_0_578_sampling.prm,log_rho_err,B,0.003622460193415276,0.05943492177533971,16.407336064969737,0.07874013579959614,True,True
m30,877_0_578,877_0_578_sampling.prm,log_s_err,A2,0.377903151167029,0.01601543040403856,0.04237972177416409,0.9836408726578573,True,True
m30,877_0_578,877_0_578_sampling.prm,log_tE_err,A2,0.8036632852304764,0.010790532370402927,0.013426683249948881,0.9993227732824571,True,True
m30,877_0_578,877_0_578_sampling.prm,piEE_err,D,1.5293716611614034,1.0542344924655986,0.6893252433257551,0.9325252690154008,True,False
m30,877_0_578,877_0_578_sampling.prm,piEN_err,D,0.5130694903526859,13.412106624832322,26.14091634178596,0.3705629571238037,True,False
m30,877_0_578,877_0_578_sampling.prm,t0_err,A2,0.5003454898661827,6.644453735957556e-08,1.3279731446634235e-07,0.6466258496513065,True,True
m30,877_0_578,877_0_578_sampling.prm,u0_err,A2,0.5061036055008868,0.07529247911094036,0.14876890481035787,0.958688407951453,True,True
m30,879_4_862,879_4_862_sampling.prm,alpha_err,A1,39.72548646841822,0.023352504304025246,0.0005878469058545198,0.9396913059984761,True,True
m30,879_4_862,879_4_862_sampling.prm,log_q_err,A1,1.7547267238475712,0.0013223125281799951,0.0007535717728630553,0.9863062016263152,True,True
m30,879_4_862,879_4_862_sampling.prm,log_rho_err,A1,2.326021689141111,0.0006748373924133074,0.00029012515040755817,0.9951042658389584,True,True
m30,879_4_862,879_4_862_sampling.prm,log_s_err,A1,1.3132938913178678,0.0018133331424240934,0.0013807519812678369,0.9961325618296957,True,True
m30,879_4_862,879_4_862_sampling.prm,log_tE_err,A1,3.1957079123650756,0.0014316359197756301,0.0004479870998961563,0.9898723403448134,True,True
m30,879_4_862,879_4_862_sampling.prm,piEE_err,C,73.32883521746186,11.382096038541567,0.15521992139636684,0.6601429922987763,True,False
m30,879_4_862,879_4_862_sampling.prm,piEN_err,C,37.460384106329656,12.209136698281108,0.3259212896383019,0.6672433340039634,True,False
m30,879_4_862,879_4_862_sampling.prm,t0_err,A1,17.842508563394702,2.694010378637922e-09,1.5098831921901918e-10,1.0109772372215973,True,True
m30,879_4_862,879_4_862_sampling.prm,u0_err,A1,68.16296704957978,0.1330674322713963,0.0019521954226934823,0.9958884592441939,True,True
m30,87_3_467,87_3_467_sampling.prm,alpha_err,A1,1.0590871322814996,0.00018686360953323877,0.00017643837210135362,0.9928831438752646,True,True
m30,87_3_467,87_3_467_sampling.prm,log_q_err,A1,1.1558692079079596,0.00214017957049541,0.0018515759013677524,0.9891273437734954,True,True
m30,87_3_467,87_3_467_sampling.prm,log_rho_err,A2,0.847962934032066,0.006022484118042045,0.007102296428695434,0.9109006945547434,True,True
m30,87_3_467,87_3_467_sampling.prm,log_s_err,A1,1.1671924143404055,0.001982596972911724,0.0016986033738337076,1.002975931886244,True,True
m30,87_3_467,87_3_467_sampling.prm,log_tE_err,A1,1.19763465997032,0.0009437731642495767,0.0007880309378095031,1.0106250684906586,True,True
m30,87_3_467,87_3_467_sampling.prm,piEE_err,D,0.7459968784872587,0.3418688190351969,0.4582711119762894,0.9804842691904103,True,False
m30,87_3_467,87_3_467_sampling.prm,piEN_err,C,1.8650522058293308,0.5678910925365831,0.304490721901299,0.983255220934279,True,False
m30,87_3_467,87_3_467_sampling.prm,t0_err,A1,1.325508972121615,2.97696247385749e-09,2.245901413320916e-09,1.0228269519187478,True,True
m30,87_3_467,87_3_467_sampling.prm,u0_err,A1,1.1208377196179522,0.002605928631432604,0.0023249829889030313,1.0007455426516954,True,True
m30,88_0_344,88_0_344_sampling.prm,alpha_err,A1,1.2552888394485477,0.007187353641565419,0.005725657247715869,0.99168720155387,True,True
m30,88_0_344,88_0_344_sampling.prm,log_q_err,A1,2.1970775377791245,0.009254577786346497,0.004212221747850245,0.9528661958962205,True,True
m30,88_0_344,88_0_344_sampling.prm,log_rho_err,A1,1.4849450461368598,0.004328640376851523,0.0029150172177163348,0.9190241127427471,True,True
m30,88_0_344,88_0_344_sampling.prm,log_s_err,A1,2.373829426382042,0.009369980767309811,0.003947200528889988,0.9991907925974558,True,True
m30,88_0_344,88_0_344_sampling.prm,log_tE_err,A1,2.9922910197459314,0.004510657972407934,0.0015074262304844012,0.9942064870189542,True,True
m30,88_0_344,88_0_344_sampling.prm,piEE_err,D,3.9592132143890773,25.39649354798974,6.414530406114671,0.8969812990630507,True,False
m30,88_0_344,88_0_344_sampling.prm,piEN_err,D,0.7936444090364315,14.553541314522407,18.337609575290717,0.8335535530067565,True,False
m30,88_0_344,88_0_344_sampling.prm,t0_err,A1,1.0502546698404687,1.0723231112851995e-09,1.0210124668601407e-09,1.0123857832408636,True,True
m30,88_0_344,88_0_344_sampling.prm,u0_err,A1,7.180494036756458,0.010407952046798835,0.0014494757594005706,1.0066613144233238,True,True
m30,8_1_259,8_1_259_sampling.prm,alpha_err,B,0.02290343626521537,0.1430212746211348,6.244533482442919,0.6835660512714264,True,True
m30,8_1_259,8_1_259_sampling.prm,log_q_err,A2,0.6545071711219983,0.06758490368395799,0.1032607535347544,0.7570338650049674,True,True
m30,8_1_259,8_1_259_sampling.prm,log_rho_err,B,0.004461718108771673,0.06986818187331409,15.659479189407833,0.0726594584214661,True,True
m30,8_1_259,8_1_259_sampling.prm,log_s_err,A2,0.5473522788192072,0.07547172273983217,0.13788509824540404,0.9343800477849247,True,True
m30,8_1_259,8_1_259_sampling.prm,log_tE_err,A2,0.1063900453381454,0.016212737568861584,0.15238961048782093,0.9942127066623638,True,True
m30,8_1_259,8_1_259_sampling.prm,piEE_err,D,0.034652307207935065,7.897445532769196,227.90533067191416,0.8828272297695469,True,False
m30,8_1_259,8_1_259_sampling.prm,piEN_err,D,0.022273585413485387,53.24158370828657,2390.3463551068803,0.29896272910402005,True,False
m30,8_1_259,8_1_259_sampling.prm,t0_err,A2,0.04274134802070195,1.1618119019057106e-07,2.718238791492917e-06,0.5125426746756213,True,True
m30,8_1_259,8_1_259_sampling.prm,u0_err,D,0.0222265679643373,5.780097299244637,260.05352281642615,0.2456786133281137,True,False
m30,915_2_936,915_2_936_sampling.prm,alpha_err,A2,0.23717906333284786,0.014928541814708707,0.06294207256295035,0.955379486800212,True,True
m30,915_2_936,915_2_936_sampling.prm,log_q_err,A2,0.2883258929327625,0.017809371317510297,0.06176819964505732,0.91200011951246,True,True
m30,915_2_936,915_2_936_sampling.prm,log_rho_err,B,0.004652128082001236,0.07419373665988481,15.948343500458485,0.160100523537424,True,True
m30,915_2_936,915_2_936_sampling.prm,log_s_err,A2,0.627367398105547,0.03869919755354312,0.06168506312314376,0.9644795086476041,True,True
m30,915_2_936,915_2_936_sampling.prm,log_tE_err,A2,0.339600757464368,0.028102270983326592,0.08275090783999552,0.9769151822094435,True,True
m30,915_2_936,915_2_936_sampling.prm,piEE_err,D,7.980081102561665,55.750696896487746,6.9862318665647845,0.3901692324681563,True,False
m30,915_2_936,915_2_936_sampling.prm,piEN_err,D,0.09956929081979063,27.666998536880595,277.8667831124236,0.7439493040625375,True,False
m30,915_2_936,915_2_936_sampling.prm,t0_err,A2,0.2096927199338733,1.0400655564086813e-07,4.959950716155842e-07,0.5016223615863011,True,True
m30,915_2_936,915_2_936_sampling.prm,u0_err,A2,0.5141773534712243,0.055271163296222205,0.10749435564029645,0.8166034815768454,True,True
m30,917_2_727,917_2_727_sampling.prm,alpha_err,A2,0.17497520863685545,0.029708796836842133,0.16978860644481322,0.9222528178474321,True,True
m30,917_2_727,917_2_727_sampling.prm,log_q_err,B,0.04286584493019593,0.08815591142844233,2.056553686787188,0.7083997684689771,True,True
m30,917_2_727,917_2_727_sampling.prm,log_rho_err,B,0.003929414517582484,0.06929920040679638,17.636011700142983,0.08147892890756567,True,True
m30,917_2_727,917_2_727_sampling.prm,log_s_err,D,0.15468467112179066,0.5445690580743129,3.520510818072901,0.8868551894989143,True,False
m30,917_2_727,917_2_727_sampling.prm,log_tE_err,B,0.08343134099169398,0.2705568646151902,3.242868464047887,0.8644961573815135,True,True
m30,917_2_727,917_2_727_sampling.prm,piEE_err,D,0.032799888551536996,43.613807801121084,1329.693780288084,0.14238517234236153,True,False
m30,917_2_727,917_2_727_sampling.prm,piEN_err,D,0.0009780314000393297,42.52164099190682,43476.76464190914,0.21193066674898473,True,False
m30,917_2_727,917_2_727_sampling.prm,t0_err,A2,0.6683555433384479,2.46362996214896e-08,3.686106873361271e-08,0.8597673995484112,True,True
m30,917_2_727,917_2_727_sampling.prm,u0_err,B,0.4064502053362126,0.21086796072346736,0.5188039222394757,0.694242878359614,True,True
m30,918_1_738,918_1_738_sampling.prm,alpha_err,A1,2.107177981391995,0.02173474153347832,0.010314620656353109,0.9745373763688085,True,True
m30,918_1_738,918_1_738_sampling.prm,log_q_err,A1,1.6623798164060932,0.020511855991511157,0.012338850477537579,0.9353912786494826,True,True
m30,918_1_738,918_1_738_sampling.prm,log_rho_err,B,0.0126995243500461,0.061528502704925,4.844945449055471,0.09568898604756332,True,True
m30,918_1_738,918_1_738_sampling.prm,log_s_err,A2,0.6438666068404469,0.015942277077473796,0.024760217268767853,0.9929504248684707,True,True
m30,918_1_738,918_1_738_sampling.prm,log_tE_err,A2,0.8737321810257365,0.0053995484146528005,0.006179866705051296,0.989417778625002,True,True
m30,918_1_738,918_1_738_sampling.prm,piEE_err,D,3.3297109681292247,5.581205282922098,1.6761831090876513,0.9658442828233967,True,False
m30,918_1_738,918_1_738_sampling.prm,piEN_err,D,0.37695562775562874,3.031580642890321,8.042274526952074,0.9748143101247251,True,False
m30,918_1_738,918_1_738_sampling.prm,t0_err,A1,1.5470176065181456,1.1909360651883412e-08,7.698270919286867e-09,1.0070749596624637,True,True
m30,918_1_738,918_1_738_sampling.prm,u0_err,A2,0.5448897013946329,0.030990430277004183,0.05687468527609327,0.9914283087702251,True,True
m30,919_0_508,919_0_508_sampling.prm,alpha_err,A2,0.4381932031724889,0.007288544085683912,0.016633174665684796,0.9902008664746844,True,True
m30,919_0_508,919_0_508_sampling.prm,log_q_err,A2,0.32516408983303285,0.013627492127517488,0.04190958520208985,0.9324377090704394,True,True
m30,919_0_508,919_0_508_sampling.prm,log_rho_err,A2,0.38036064841187706,0.006671292065577362,0.017539385563233374,0.9099389437196667,True,True
m30,919_0_508,919_0_508_sampling.prm,log_s_err,A2,0.9098804946134755,0.00212572264927914,0.0023362657644201545,0.9881748076127718,True,True
m30,919_0_508,919_0_508_sampling.prm,log_tE_err,A2,0.285044129139659,0.012798789800664304,0.04490108194578343,0.9915639459378778,True,True
m30,919_0_508,919_0_508_sampling.prm,piEE_err,D,0.4880660865003081,30.032031773843848,61.53271576230464,0.6529546564097819,True,False
m30,919_0_508,919_0_508_sampling.prm,piEN_err,D,1.0138943095526247,70.58537935868128,69.61808414708106,0.7913755485030118,True,False
m30,919_0_508,919_0_508_sampling.prm,t0_err,A2,0.36312767117641,5.250858204018783e-08,1.4460088340301336e-07,0.7655716721469444,True,True
m30,919_0_508,919_0_508_sampling.prm,u0_err,A2,0.671394073460794,0.0036953968298410766,0.005504065311140803,0.9746994020059373,True,True
m40,127_0_856,127_0_856_sampling.prm,alpha_err,A1,5.024604977332504,0.005226624058111806,0.001040205962795219,0.9763244640844697,True,True
m40,127_0_856,127_0_856_sampling.prm,log_q_err,A1,2.7801073003515446,0.007119506952170882,0.0025608748810776547,0.9805330460191365,True,True
m40,127_0_856,127_0_856_sampling.prm,log_rho_err,A1,2.4930775749059344,0.0018327128925277613,0.0007351206841595818,0.9673294472310903,True,True
m40,127_0_856,127_0_856_sampling.prm,log_s_err,A1,5.05953521224124,0.0014368452839172248,0.00028398760432398303,1.0003073094916457,True,True
m40,127_0_856,127_0_856_sampling.prm,log_tE_err,A1,7.521589529371514,0.003758254478964513,0.0004996622674354504,1.0058837711295336,True,True
m40,127_0_856,127_0_856_sampling.prm,piEE_err,D,3.4898649008200944,16.171847176726978,4.6339464811164195,0.9108601431851513,True,False
m40,127_0_856,127_0_856_sampling.prm,piEN_err,D,1.7864055121902733,7.024772171341716,3.9323502549702694,0.9505276968071771,True,False
m40,127_0_856,127_0_856_sampling.prm,t0_err,A1,7.134129324761842,4.920158175765494e-08,6.896648423078233e-09,0.7483648748117104,True,True
m40,127_0_856,127_0_856_sampling.prm,u0_err,A1,4.822534007063157,0.0062671707038089415,0.001299559670212786,0.9665247989520905,True,True
m40,44_1_976,44_1_976_sampling.prm,alpha_err,A2,0.5071173528884203,0.04005412508313688,0.07898393706111234,0.908947453139641,True,True
m40,44_1_976,44_1_976_sampling.prm,log_q_err,A2,0.6697712576418441,0.14669760141658897,0.2190264209501725,0.6823586195640988,True,True
m40,44_1_976,44_1_976_sampling.prm,log_rho_err,B,0.014759738398559152,0.07772495012075814,5.266011362934838,0.04466202621797309,True,True
m40,44_1_976,44_1_976_sampling.prm,log_s_err,A2,0.9574173905982715,0.03715207052488274,0.038804465941095066,0.9696586248016563,True,True
m40,44_1_976,44_1_976_sampling.prm,log_tE_err,A2,0.7568901425324702,0.05095391173138541,0.06732008896416498,0.9361517404198464,True,True
m40,44_1_976,44_1_976_sampling.prm,piEE_err,D,2.894120854492599,51.92399884439551,17.94119922939393,0.37392539602361946,True,False
m40,44_1_976,44_1_976_sampling.prm,piEN_err,D,0.1904382305992216,35.44348681205957,186.1153965804828,0.5663466732520063,True,False
m40,44_1_976,44_1_976_sampling.prm,t0_err,A2,0.27851459198704237,1.6270197267610345e-07,5.84177552476938e-07,0.4349137790662295,True,True
m40,44_1_976,44_1_976_sampling.prm,u0_err,A2,0.5569524949374643,0.04292649337375997,0.07707388648753578,0.8862958955279511,True,True
m40,45_1_427,45_1_427_sampling.prm,alpha_err,A1,1.1870630348240936,0.016457211640012015,0.013863806013006501,0.9641010450170554,True,True
m40,45_1_427,45_1_427_sampling.prm,log_q_err,A1,1.0511822237446553,0.03147194374320639,0.029939569973979414,0.9509273502436293,True,True
m40,45_1_427,45_1_427_sampling.prm,log_rho_err,A1,1.0261903488151003,0.007634797944919623,0.007439943236393919,0.9019053410463731,True,True
m40,45_1_427,45_1_427_sampling.prm,log_s_err,A1,1.6221936141548323,0.004346015592568581,0.002679097953934967,1.0018375619402604,True,True
m40,45_1_427,45_1_427_sampling.prm,log_tE_err,A1,1.1032286340058897,0.011193273756633862,0.010145923892484924,1.0017578117382473,True,True
m40,45_1_427,45_1_427_sampling.prm,piEE_err,D,4.42011348581153,40.95588973177363,9.26580049658027,0.7224265779905126,True,False
m40,45_1_427,45_1_427_sampling.prm,piEN_err,D,0.9500963688462638,62.702505464632445,65.99594264398078,0.9109746437268637,True,False
m40,45_1_427,45_1_427_sampling.prm,t0_err,A1,1.1287735790450326,3.464789520951496e-09,3.069516850210814e-09,1.0111997696641577,True,True
m40,45_1_427,45_1_427_sampling.prm,u0_err,A2,0.8536952433725609,0.015491205402169179,0.018146060344638313,0.9877046653781615,True,True
m40,596_1_785,596_1_785_sampling.prm,alpha_err,A2,0.3311028301204602,0.03933912684538354,0.11881241495601645,0.9135249949740744,True,True
m40,596_1_785,596_1_785_sampling.prm,log_q_err,A2,0.3338316442069344,0.04081085330187227,0.12224980468470682,0.8998075903902264,True,True
m40,596_1_785,596_1_785_sampling.prm,log_rho_err,B,2.0689249292405776e-06,0.05498150567056502,26574.915741745448,0.0836794172289024,True,True
m40,596_1_785,596_1_785_sampling.prm,log_s_err,A2,0.3248684757680039,0.057255325440672813,0.1762415553104025,0.9639554347851453,True,True
m40,596_1_785,596_1_785_sampling.prm,log_tE_err,A1,1.0290571948897584,0.02856874824985876,0.02776206064320778,0.9617735069104946,True,True
m40,596_1_785,596_1_785_sampling.prm,piEE_err,D,4.15787551877324,5.007626041768492,1.2043713235662155,0.8602248767178388,True,False
m40,596_1_785,596_1_785_sampling.prm,piEN_err,D,0.29557305694139635,14.753076640379419,49.9134690862724,0.597972225596029,True,False
m40,596_1_785,596_1_785_sampling.prm,t0_err,A2,0.3131093950907757,1.1277550739018611e-07,3.601792509531392e-07,0.4330126964228088,True,True
m40,596_1_785,596_1_785_sampling.prm,u0_err,A1,2.0165462355082346,0.12079471897514489,0.0599017849668598,0.957288311343532,True,True
m40,597_0_925,597_0_925_sampling.prm,alpha_err,A1,1.234827483939549,0.002090972639219424,0.0016933317944531493,0.9900918817686541,True,True
m40,597_0_925,597_0_925_sampling.prm,log_q_err,A1,1.4439378262423164,0.015522489160895723,0.010750109096657736,0.9405011230454957,True,True
m40,597_0_925,597_0_925_sampling.prm,log_rho_err,A2,0.8944749645218106,0.049429403219090756,0.05526080122937357,0.7926263783833338,True,True
m40,597_0_925,597_0_925_sampling.prm,log_s_err,A2,0.9655963696558456,0.007089589797908655,0.007342187709793794,0.9997027080405128,True,True
m40,597_0_925,597_0_925_sampling.prm,log_tE_err,A1,1.6780194540227105,0.010384724996272764,0.006188679738710715,0.9921299139371235,True,True
m40,597_0_925,597_0_925_sampling.prm,piEE_err,D,7.235752010300965,11.928655303105812,1.6485716047376877,0.864129344494509,True,False
m40,597_0_925,597_0_925_sampling.prm,piEN_err,D,0.40255907025537685,3.7136786347000688,9.22517689725429,0.9691828120982846,True,False
m40,597_0_925,597_0_925_sampling.prm,t0_err,A1,1.282016628320672,3.9301587801032766e-08,3.065606711553684e-08,0.8101851537876643,True,True
m40,597_0_925,597_0_925_sampling.prm,u0_err,A1,1.0132675870823824,0.00774898382178732,0.007647519688357799,0.9748979627701417,True,True
m40,639_0_870,639_0_870_sampling.prm,alpha_err,A1,1.2609329390586888,0.0072067234730499585,0.005715389970246887,0.9754056088723213,True,True
m40,639_0_870,639_0_870_sampling.prm,log_q_err,A2,0.5617314178946818,0.024108798259525686,0.04291872858008061,0.9371583401710145,True,True
m40,639_0_870,639_0_870_sampling.prm,log_rho_err,B,0.005913601338451734,0.07343668290193298,12.41826743112172,0.08953659361792664,True,True
m40,639_0_870,639_0_870_sampling.prm,log_s_err,A1,1.2114404806250525,0.020291955034399078,0.01675026991332606,0.985407736803449,True,True
m40,639_0_870,639_0_870_sampling.prm,log_tE_err,A1,2.5413813130073777,0.011876902268246337,0.004673404265411728,0.9882709677444057,True,True
m40,639_0_870,639_0_870_sampling.prm,piEE_err,D,2.3439159908273592,2.254126180232037,0.9616923938627903,0.9838612233666716,True,False
m40,639_0_870,639_0_870_sampling.prm,piEN_err,D,0.4735530473984734,5.179339388257695,10.937189437827683,0.9408200696207523,True,False
m40,639_0_870,639_0_870_sampling.prm,t0_err,A2,0.5046410745116058,1.2068093694126473e-07,2.3914212107696615e-07,0.489795869663696,True,True
m40,639_0_870,639_0_870_sampling.prm,u0_err,A2,0.848433714340841,0.03601531200664608,0.04244917593194282,0.9038305157393554,True,True
m40,677_1_718,677_1_718_sampling.prm,alpha_err,A2,0.18570738430238973,0.05550556938405293,0.29888724992040433,0.8697453402821961,True,True
m40,677_1_718,677_1_718_sampling.prm,log_q_err,A2,0.33389573161247044,0.04282075323379655,0.12824588390814057,0.8828198538655422,True,True
m40,677_1_718,677_1_718_sampling.prm,log_rho_err,B,0.00019508088730512194,0.055050983827189134,282.1956809181672,0.07734751341906526,True,True
m40,677_1_718,677_1_718_sampling.prm,log_s_err,A1,1.0591038720927846,0.2819164828155577,0.2661839789694017,0.9355010452677252,True,True
m40,677_1_718,677_1_718_sampling.prm,log_tE_err,A2,0.588550957763653,0.06001959429996078,0.1019785857252196,0.9208490288572782,True,True
m40,677_1_718,677_1_718_sampling.prm,piEE_err,D,5.812533506551621,38.92940230029229,6.697492970391113,0.2896094967424714,True,False
m40,677_1_718,677_1_718_sampling.prm,piEN_err,D,0.09549035848418105,27.918051601979602,292.36513555035515,0.5359895141111748,True,False
m40,677_1_718,677_1_718_sampling.prm,t0_err,A2,0.19556824380006685,7.471953568816515e-08,3.8206374530085954e-07,0.6019966701278388,True,True
m40,677_1_718,677_1_718_sampling.prm,u0_err,A2,0.9594124786374651,0.14840393924230766,0.15468210237693325,0.8992468695765088,True,True
m40,716_1_777,716_1_777_sampling.prm,alpha_err,B,0.07556101216340785,0.10279917490307167,1.3604790613545343,0.7707772327284195,True,True
m40,716_1_777,716_1_777_sampling.prm,log_q_err,A2,0.8385770876187008,0.10540086793317228,0.1256901356945944,0.8636001679994384,True,True
m40,716_1_777,716_1_777_sampling.prm,log_rho_err,B,0.00026088310799288596,0.0644483447004426,247.03916323398008,0.13667217994104097,True,True
m40,716_1_777,716_1_777_sampling.prm,log_s_err,A2,0.3764873653047573,0.06135637638124649,0.1629706121255358,0.9682816889364751,True,True
m40,716_1_777,716_1_777_sampling.prm,log_tE_err,A2,0.5122456168824171,0.029863781916403157,0.058299731480685776,0.9592058369557874,True,True
m40,716_1_777,716_1_777_sampling.prm,piEE_err,D,2.4074382677970485,22.566319669344292,9.373581857197044,0.8825724877790317,True,False
m40,716_1_777,716_1_777_sampling.prm,piEN_err,D,0.02662487998363546,6.143803287574857,230.7542152810095,0.9369028327564841,True,False
m40,716_1_777,716_1_777_sampling.prm,t0_err,A2,0.080454225374071,1.5247955696740607e-07,1.895233671798518e-06,0.6565630122921405,True,True
m40,716_1_777,716_1_777_sampling.prm,u0_err,D,0.09739884226342287,0.4238250931691351,4.3514387165184845,0.8713303701886551,True,False
m40,717_0_427,717_0_427_sampling.prm,alpha_err,A2,0.3249622512409733,0.06739286769874386,0.20738675781996968,0.85459094077524,True,True
m40,717_0_427,717_0_427_sampling.prm,log_q_err,A2,0.4687171796974363,0.10062482344283281,0.2146813212773374,0.7725315821251497,True,True
m40,717_0_427,717_0_427_sampling.prm,log_rho_err,B,3.438794887258471e-05,0.05991844950608473,1742.4258052754592,0.07340367844227857,True,True
m40,717_0_427,717_0_427_sampling.prm,log_s_err,D,0.468386443960807,5.533189207368271,11.813299207761167,0.8753926538124875,True,False
m40,717_0_427,717_0_427_sampling.prm,log_tE_err,A2,0.8264677353705084,0.04654418968661151,0.056317007542642405,0.9245753602526116,True,True
m40,717_0_427,717_0_427_sampling.prm,piEE_err,C,11.62998434603214,2.75956462678328,0.23728016690966353,0.8756926051648263,True,False
m40,717_0_427,717_0_427_sampling.prm,piEN_err,D,0.20214232668027507,2.1005479771739832,10.391430689804924,0.89072469158279,True,False
m40,717_0_427,717_0_427_sampling.prm,t0_err,A1,1.2630786104470055,7.866353445076195e-08,6.22792071690002e-08,0.6025362983493904,True,True
m40,717_0_427,717_0_427_sampling.prm,u0_err,A2,0.8439802680870951,0.1848219814359496,0.21898851006890693,0.5688481286587457,True,True
m40,718_1_549,718_1_549_sampling.prm,alpha_err,A2,0.4242015642821447,0.027083808607796023,0.06384655524226698,0.9266319219405855,True,True
m40,718_1_549,718_1_549_sampling.prm,log_q_err,A2,0.47173269208933905,0.03584317881646559,0.07598196906327076,0.9403421522620333,True,True
m40,718_1_549,718_1_549_sampling.prm,log_rho_err,B,0.008162678677455085,0.06749575996510566,8.268824810111123,0.09863188624908559,True,True
m40,718_1_549,718_1_549_sampling.prm,log_s_err,A2,0.7858923268305984,0.03897178811312363,0.04958922079095973,0.9843459353850127,True,True
m40,718_1_549,718_1_549_sampling.prm,log_tE_err,A1,1.3904009144818925,0.03070138225811097,0.022080956606354993,0.9813867658872685,True,True
m40,718_1_549,718_1_549_sampling.prm,piEE_err,D,1.019967038752324,51.98085627288505,50.96327067242358,0.8253785359114367,True,False
m40,718_1_549,718_1_549_sampling.prm,piEN_err,D,0.14579761558621376,67.6625262587773,464.0852731831322,0.4593474745873739,True,False
m40,718_1_549,718_1_549_sampling.prm,t0_err,A2,0.913713100166586,3.8315256014973815e-09,4.193357412516934e-09,0.9976722782834773,True,True
m40,718_1_549,718_1_549_sampling.prm,u0_err,A1,1.0241415615222114,0.04967972529519057,0.048508650719486616,0.9880933500665201,True,True
m40,795_1_63,795_1_63_sampling.prm,alpha_err,A1,1.116596971268381,0.0032728626349824985,0.0029311047040229215,1.0027912805244577,True,True
m40,795_1_63,795_1_63_sampling.prm,log_q_err,A1,2.0599698450310973,0.022396762843947322,0.010872374126238349,0.9702940087997012,True,True
m40,795_1_63,795_1_63_sampling.prm,log_rho_err,A2,0.344200485849411,0.004455230122422211,0.012943706663945244,0.9365781409580143,True,True
m40,795_1_63,795_1_63_sampling.prm,log_s_err,A2,0.9099529221388372,0.09432026691854274,0.10365400739287006,1.0040681471665498,True,True
m40,795_1_63,795_1_63_sampling.prm,log_tE_err,A1,2.133583426013962,0.011454175615863866,0.005368515463800246,0.9836558619402027,True,True
m40,795_1_63,795_1_63_sampling.prm,piEE_err,D,2.36173193180871,16.93835591340252,7.172006138914523,0.5453073091887989,True,False
m40,795_1_63,795_1_63_sampling.prm,piEN_err,D,0.3876901581989595,12.470162527103394,32.165280091283115,0.8901898382107898,True,False
m40,795_1_63,795_1_63_sampling.prm,t0_err,A1,1.3145347697924892,3.6706837380040795e-09,2.792382386799498e-09,0.9971960563897869,True,True
m40,795_1_63,795_1_63_sampling.prm,u0_err,A1,11.676588850940972,0.01937867450468535,0.0016596177832470054,0.988160313126724,True,True
m40,795_1_862,795_1_862_sampling.prm,alpha_err,A2,0.4054624176920041,0.046262222946724885,0.1140974377109013,0.9139442660324947,True,True
m40,795_1_862,795_1_862_sampling.prm,log_q_err,A2,0.48192508032456466,0.11602465329894007,0.24075246970089278,0.909614912415794,True,True
m40,795_1_862,795_1_862_sampling.prm,log_rho_err,B,0.0015912867196038443,0.0734666418963268,46.16807329015889,0.1053747033033404,True,True
m40,795_1_862,795_1_862_sampling.prm,log_s_err,A2,0.5123452275645201,0.06324291796324973,0.12343809322452504,0.9730545739796964,True,True
m40,795_1_862,795_1_862_sampling.prm,log_tE_err,A2,0.6766192849885514,0.013933057157097112,0.020592166771204082,0.986845107251445,True,True
m40,795_1_862,795_1_862_sampling.prm,piEE_err,D,2.4470050977566182,25.570421662492517,10.449680585436923,1.264513359462321,True,False
m40,795_1_862,795_1_862_sampling.prm,piEN_err,D,0.40533528753909914,26.61394276012471,65.65908169926483,0.31184002317200754,True,False
m40,795_1_862,795_1_862_sampling.prm,t0_err,A2,0.5861883043185637,7.608719050633973e-08,1.2979991232474365e-07,0.6858206676077644,True,True
m40,795_1_862,795_1_862_sampling.prm,u0_err,A2,0.7237876541543867,0.008190945383083372,0.011316779632906273,0.980736799392539,True,True
m40,796_0_933,796_0_933_sampling.prm,alpha_err,B,0.1858443924509738,0.12733446411553606,0.685167103705468,0.6768367018798701,True,True
m40,796_0_933,796_0_933_sampling.prm,log_q_err,B,0.29540284524053967,0.2365313030626017,0.8007075993800932,0.7011566060171397,True,True
m40,796_0_933,796_0_933_sampling.prm,log_rho_err,B,1.3247311880910508e-14,0.07364544851047511,5559274905922.524,0.12899598659317402,True,True
m40,796_0_933,796_0_933_sampling.prm,log_s_err,A2,0.2611359533676726,0.05442412703392358,0.20841299840966687,0.9447417769162301,True,True
m40,796_0_933,796_0_933_sampling.prm,log_tE_err,A2,0.24457393586162746,0.03844263976058973,0.1571820792152579,0.9542404321360404,True,True
m40,796_0_933,796_0_933_sampling.prm,piEE_err,D,7.819617479409887,7.662622758244933,0.9799229666184641,0.5959072698888127,True,False
m40,796_0_933,796_0_933_sampling.prm,piEN_err,D,0.1614075648196253,6.797980087638089,42.1168617173235,0.6463139271556145,True,False
m40,796_0_933,796_0_933_sampling.prm,t0_err,A2,0.25788384093460576,1.2133032386961333e-07,4.704843988281542e-07,0.4006557074906052,True,True
m40,796_0_933,796_0_933_sampling.prm,u0_err,B,0.18999993730150594,0.1245088591683868,0.6553100013438791,0.6507192121225999,True,True
m40,7_0_812,7_0_812_sampling.prm,alpha_err,A1,1.5435146708996628,0.14039568026714266,0.09095843590868544,0.639012113934673,True,True
m40,7_0_812,7_0_812_sampling.prm,log_q_err,A1,1.048488751823173,0.23558400468965873,0.2246891101883655,0.6849071944791102,True,True
m40,7_0_812,7_0_812_sampling.prm,log_rho_err,B,0.001253918316494611,0.0704126243923315,56.15407596020559,0.0590675414693094,True,True
m40,7_0_812,7_0_812_sampling.prm,log_s_err,A1,1.1211160173419141,0.05731823927261389,0.05112605509687689,0.9307258812829763,True,True
m40,7_0_812,7_0_812_sampling.prm,log_tE_err,A2,0.8731938573459311,0.009875832969451343,0.011310011959393408,0.9963647435830579,True,True
m40,7_0_812,7_0_812_sampling.prm,piEE_err,D,2.151389920506007,3.7249390851331867,1.7314104940387007,0.827026385244366,True,False
m40,7_0_812,7_0_812_sampling.prm,piEN_err,D,0.4795949797422264,9.286028449418088,19.362230301929266,0.6405105856453418,True,False
m40,7_0_812,7_0_812_sampling.prm,t0_err,A2,0.3716252427771026,1.1953487711572918e-07,3.2165435324700236e-07,0.4199106994893746,True,True
m40,7_0_812,7_0_812_sampling.prm,u0_err,D,0.533463315782264,0.5017217067070933,0.9404989843985332,0.7698102238131097,True,False
m40,7_1_914,7_1_914_sampling.prm,alpha_err,A2,0.7449993632587054,0.032464456647154694,0.04357648911960375,0.9209638870886565,True,True
m40,7_1_914,7_1_914_sampling.prm,log_q_err,A2,0.8975940936224192,0.11827139062302065,0.13176489402432784,0.745934961936837,True,True
m40,7_1_914,7_1_914_sampling.prm,log_rho_err,B,0.0007493010666435159,0.08226645832047612,109.79092648164459,0.0825609839046432,True,True
m40,7_1_914,7_1_914_sampling.prm,log_s_err,D,0.970472650971115,0.561948900284879,0.5790466116923111,0.8492939334848191,True,False
m40,7_1_914,7_1_914_sampling.prm,log_tE_err,A2,0.4924995399548077,0.060782761756746996,0.12341689042455652,0.9138484925995162,True,True
m40,7_1_914,7_1_914_sampling.prm,piEE_err,D,0.7048530456829577,18.40449703694936,26.111112308689215,0.7935944496939639,True,False
m40,7_1_914,7_1_914_sampling.prm,piEN_err,D,0.18808471115636335,97.24084234703902,517.0055649350377,0.24448219626909232,True,False
m40,7_1_914,7_1_914_sampling.prm,t0_err,A2,0.6834991522299217,4.8087215478085676e-08,7.035446250547748e-08,0.8099228256004875,True,True
m40,7_1_914,7_1_914_sampling.prm,u0_err,A1,2.04683214299954,0.17171098952994973,0.08389109488886326,0.5795000510524344,True,True
m40,836_0_862,836_0_862_sampling.prm,alpha_err,A2,0.4982345679181054,0.15249806974591174,0.30607685529153766,0.698887163929568,True,True
m40,836_0_862,836_0_862_sampling.prm,log_q_err,A1,1.0697955967968635,0.28745538490930256,0.2687012227101974,0.6573822606956858,True,True
m40,836_0_862,836_0_862_sampling.prm,log_rho_err,B,1.2630481909546865e-06,0.05718235394280473,45273.295470684236,0.08079194294774934,True,True
m40,836_0_862,836_0_862_sampling.prm,log_s_err,A1,2.53024994638399,0.29520224029286657,0.11666920128374811,0.894197748153702,True,True
m40,836_0_862,836_0_862_sampling.prm,log_tE_err,A1,1.9524169379265495,0.0707938517554848,0.036259597210146766,0.8963048404251389,True,True
m40,836_0_862,836_0_862_sampling.prm,piEE_err,D,1.082541949797835,1.3551421620215987,1.2518149179111921,0.8821290822075477,True,False
m40,836_0_862,836_0_862_sampling.prm,piEN_err,D,0.7444132090445966,2.7589722149208677,3.7062375860603276,0.7138188971637601,True,False
m40,836_0_862,836_0_862_sampling.prm,t0_err,A2,0.3055545922742976,1.4038932473376663e-07,4.5945742032159853e-07,0.3856163848224321,True,True
m40,836_0_862,836_0_862_sampling.prm,u0_err,A1,2.7323929155778766,0.27056275281493464,0.09902044148643717,0.7847320206613786,True,True
m40,837_1_53,837_1_53_sampling.prm,alpha_err,B,0.26313954496984343,0.10386072258015355,0.39469826776532696,0.7593253570752779,True,True
m40,837_1_53,837_1_53_sampling.prm,log_q_err,A2,0.5815429766882917,0.1413691774559065,0.24309325900720266,0.8210804160225511,True,True
m40,837_1_53,837_1_53_sampling.prm,log_rho_err,B,0.0006408042754957576,0.06336992356513867,98.89123089279107,0.13279742849195814,True,True
m40,837_1_53,837_1_53_sampling.prm,log_s_err,A2,0.98045717678139,0.07764060358959064,0.07918816387725006,0.96970857032769,True,True
m40,837_1_53,837_1_53_sampling.prm,log_tE_err,A2,0.32681895870099004,0.04814734641681219,0.1473211548319713,0.9121207983780666,True,True
m40,837_1_53,837_1_53_sampling.prm,piEE_err,D,0.7522436073057768,2.80198956507974,3.7248433059009955,0.8796457825987606,True,False
m40,837_1_53,837_1_53_sampling.prm,piEN_err,D,0.19668622312802253,5.820013544212875,29.590346754610486,0.7279158581696541,True,False
m40,837_1_53,837_1_53_sampling.prm,t0_err,A2,0.19782719196761683,1.4129560947330203e-07,7.142375528255554e-07,0.29765751756301356,True,True
m40,837_1_53,837_1_53_sampling.prm,u0_err,B,0.32709386731751794,0.1749291605815246,0.5347980444149283,0.887673296441732,True,True
m40,838_0_512,838_0_512_sampling.prm,alpha_err,A1,105.9375699723853,0.0041281743583886366,3.896799180370784e-05,0.9975055500846224,True,True
m40,838_0_512,838_0_512_sampling.prm,log_q_err,A1,218.0506218281446,0.006126025866824619,2.8094512253456506e-05,0.9891354882832045,True,True
m40,838_0_512,838_0_512_sampling.prm,log_rho_err,A1,1.775195990386201,0.00179763593975452,0.0010126408292322907,0.9606046919080211,True,True
m40,838_0_512,838_0_512_sampling.prm,log_s_err,A1,137.9606817273744,0.03658928475654809,0.00026521530843731666,0.9942292519589719,True,True
m40,838_0_512,838_0_512_sampling.prm,log_tE_err,A1,153.56879785683714,0.0013925207338241433,9.067732203792504e-06,0.9947408879305503,True,True
m40,838_0_512,838_0_512_sampling.prm,piEE_err,C,70.76915243013624,0.3891008474900371,0.00549817023560032,0.9909785464822246,True,False
m40,838_0_512,838_0_512_sampling.prm,piEN_err,C,171.19915309301624,0.4897201829423549,0.002860529237993831,0.9816365261186795,True,False
m40,838_0_512,838_0_512_sampling.prm,t0_err,A1,107.94518563568523,9.003096395645568e-09,8.340433473365824e-11,1.0046641102884457,True,True
m40,838_0_512,838_0_512_sampling.prm,u0_err,A1,21.48094577527956,0.0052230121354755995,0.0002431462836932572,1.0021675648137518,True,True
m40,838_0_578,838_0_578_sampling.prm,alpha_err,A2,0.8327281912911788,0.05554058097255926,0.06669713065248979,0.8772378478597951,True,True
m40,838_0_578,838_0_578_sampling.prm,log_q_err,A1,1.3368767702136537,0.1616800505949007,0.12093863413384145,0.672205956676683,True,True
m40,838_0_578,838_0_578_sampling.prm,log_rho_err,B,0.0004098566563275121,0.07497394319017653,182.9272308566965,0.0710933523636858,True,True
m40,838_0_578,838_0_578_sampling.prm,log_s_err,A2,0.9545041090386976,0.23863367755350964,0.2500080149407035,0.894718899495018,True,True
m40,838_0_578,838_0_578_sampling.prm,log_tE_err,A2,0.5485700434556556,0.0498967603466566,0.09095786571271289,0.9282808095784085,True,True
m40,838_0_578,838_0_578_sampling.prm,piEE_err,D,5.508556283513819,24.830969198332948,4.507709083893334,0.7489424588151509,True,False
m40,838_0_578,838_0_578_sampling.prm,piEN_err,D,0.3788913452782778,74.25745304767776,195.98614213037555,0.2614930409622228,True,False
m40,838_0_578,838_0_578_sampling.prm,t0_err,A1,1.0729574431581774,8.368571972599918e-08,7.799537647986851e-08,0.6132495336317398,True,True
m40,838_0_578,838_0_578_sampling.prm,u0_err,A1,1.3384221359048118,0.11162414686848542,0.08339980628983268,0.7596051679563635,True,True
m40,878_0_544,878_0_544_sampling.prm,alpha_err,A1,1.2062913972175102,7.529785415849588e-05,6.242094930974517e-05,0.9742479763809005,True,True
m40,878_0_544,878_0_544_sampling.prm,log_q_err,A1,7.540379547445725,0.0005018637846077835,6.655683330659237e-05,1.0180278100401647,True,True
m40,878_0_544,878_0_544_sampling.prm,log_rho_err,A1,1.381821528708544,0.0001974005417342018,0.00014285530919372282,1.013492697363746,True,True
m40,878_0_544,878_0_544_sampling.prm,log_s_err,A1,1.9983130516707992,0.002133225715556658,0.0010675132776483932,0.9818591239417712,True,True
m40,878_0_544,878_0_544_sampling.prm,log_tE_err,A1,6.690248961063122,0.00014317714250980309,2.1400869137021073e-05,1.000441357699711,True,True
m40,878_0_544,878_0_544_sampling.prm,piEE_err,A1,4.331380095492587,0.14100353547501374,0.032553951019387066,0.9980814624223925,True,True
m40,878_0_544,878_0_544_sampling.prm,piEN_err,A2,0.7537579147610136,0.05604548268380057,0.07435475181918368,0.9892915243919764,True,True
m40,878_0_544,878_0_544_sampling.prm,t0_err,A1,1.4472945964008996,2.319496470203721e-10,1.602642942198357e-10,1.0089102905044052,True,True
m40,878_0_544,878_0_544_sampling.prm,u0_err,A1,7.095779185519586,0.00045660287470576053,6.434851800878383e-05,1.0008799629954708,True,True
m40,879_1_728,879_1_728_sampling.prm,alpha_err,A2,0.6518687201410637,0.004833141320076617,0.007414286298368068,0.9888140104579269,True,True
m40,879_1_728,879_1_728_sampling.prm,log_q_err,A2,0.9611231170640683,0.01879551862069028,0.019555786648962036,0.952857205003167,True,True
m40,879_1_728,879_1_728_sampling.prm,log_rho_err,A1,1.8695565627428052,0.00462085699158308,0.0024716326233017913,0.9016906050674711,True,True
m40,879_1_728,879_1_728_sampling.prm,log_s_err,A2,0.8416526347034368,0.00917248618870852,0.010898185083137677,1.0246713990206746,True,True
m40,879_1_728,879_1_728_sampling.prm,log_tE_err,A1,2.1138829205763217,0.011252022299309885,0.005322916510552141,0.985843443100945,True,True
m40,879_1_728,879_1_728_sampling.prm,piEE_err,D,2.3793241764735162,3.135814913215068,1.3179435338074756,0.8926922634356107,True,False
m40,879_1_728,879_1_728_sampling.prm,piEN_err,D,1.0351457480090194,10.736762192017666,10.372222667840312,0.6448031958439567,True,False
m40,879_1_728,879_1_728_sampling.prm,t0_err,A2,0.9526963489022537,1.2606330080464884e-08,1.3232264503785024e-08,0.9754870455117246,True,True
m40,879_1_728,879_1_728_sampling.prm,u0_err,A1,138.22965547518973,0.016349942359063185,0.00011828100347105161,0.9859201416680046,True,True
m40,87_1_901,87_1_901_sampling.prm,alpha_err,A1,2.0699046543017303,0.001173652838700745,0.0005670081644879772,1.002182190465083,True,True
m40,87_1_901,87_1_901_sampling.prm,log_q_err,A1,15.68799503466502,0.008124395730674387,0.0005178734256813757,0.9917412602012028,True,True
m40,87_1_901,87_1_901_sampling.prm,log_rho_err,A1,7.6190716531319245,0.0018833928122893077,0.0002471945268443713,0.9694841584441075,True,True
m40,87_1_901,87_1_901_sampling.prm,log_s_err,A1,2.0373494854838676,0.008859334814005703,0.004348461016201952,1.0020261411883453,True,True
m40,87_1_901,87_1_901_sampling.prm,log_tE_err,A1,9.033599917379034,0.0032398701628068537,0.0003586466295207431,0.9940204810978586,True,True
m40,87_1_901,87_1_901_sampling.prm,piEE_err,A1,5.407868018385987,0.24664949183548196,0.04560937711440231,0.9883176169378199,True,True
m40,87_1_901,87_1_901_sampling.prm,piEN_err,C,7.036626163638956,0.4519027218467979,0.06422150492830767,0.9966985982948187,True,False
m40,87_1_901,87_1_901_sampling.prm,t0_err,A1,3.7299219867122684,2.289937402281982e-09,6.139370770862805e-10,1.008550927967447,True,True
m40,87_1_901,87_1_901_sampling.prm,u0_err,A1,32.27752842618426,0.018052206657400448,0.000559280946764068,0.9993847305805339,True,True
m40,87_1_985,87_1_985_sampling.prm,alpha_err,A2,0.8272509515847515,0.009240202729552838,0.011169769840520012,0.9684400766237006,True,True
m40,87_1_985,87_1_985_sampling.prm,log_q_err,A1,1.139001568098529,0.01876755626538928,0.016477199672973408,0.9596276546755049,True,True
m40,87_1_985,87_1_985_sampling.prm,log_rho_err,A1,2.1144384122002493,0.0042081285379800505,0.0019901873299781486,0.9158600565844195,True,True
m40,87_1_985,87_1_985_sampling.prm,log_s_err,A1,2.83457161995998,0.022571219104352593,0.007962832530113055,0.9865883643795239,True,True
m40,87_1_985,87_1_985_sampling.prm,log_tE_err,A1,3.0025013933321025,0.008011679773224669,0.0026683350725554542,0.9865049741781888,True,True
m40,87_1_985,87_1_985_sampling.prm,piEE_err,D,1.515957944935038,1.4100202766740222,0.9301183330217282,0.9465367139780991,True,False
m40,87_1_985,87_1_985_sampling.prm,piEN_err,D,0.9191541031249925,2.1735261268599677,2.3647026319855287,0.8953419312510522,True,False
m40,87_1_985,87_1_985_sampling.prm,t0_err,A1,1.509671053313164,8.32102307625078e-09,5.5118120321571e-09,1.0005998074692801,True,True
m40,87_1_985,87_1_985_sampling.prm,u0_err,A1,136.78369945085848,0.025884630878415128,0.00018923768681745998,0.9862563289631283,True,True
m40,88_1_465,88_1_465_sampling.prm,alpha_err,B,0.08198480766615833,0.06662333392747011,0.8126302399678724,0.8556507456658163,True,True
m40,88_1_465,88_1_465_sampling.prm,log_q_err,D,0.6451470904237279,0.5570015458093935,0.863371398673687,0.5234651166022671,True,False
m40,88_1_465,88_1_465_sampling.prm,log_rho_err,B,0.0019729723781905044,0.07812535477572573,39.59779449491217,0.08590659820117816,True,True
m40,88_1_465,88_1_465_sampling.prm,log_s_err,A2,0.6007221110532219,0.07800467051363898,0.12985150551038735,0.8944226172785151,True,True
m40,88_1_465,88_1_465_sampling.prm,log_tE_err,A2,0.542627880409037,0.040830640855521634,0.07524611677664478,0.9672788704218566,True,True
m40,88_1_465,88_1_465_sampling.prm,piEE_err,D,0.9433067999387201,23.41949759553214,24.827020855837716,0.4622481640066898,True,False
m40,88_1_465,88_1_465_sampling.prm,piEN_err,D,0.06486419806567056,29.505594469066146,454.8825908430063,0.27835735831273,True,False
m40,88_1_465,88_1_465_sampling.prm,t0_err,A2,0.3519527922328395,8.891197262073773e-08,2.526247115605116e-07,0.6417748745433731,True,True
m40,88_1_465,88_1_465_sampling.prm,u0_err,D,0.0729426230036481,0.40097919986694647,5.49718646458453,0.678264054887378,True,False
m40,919_1_696,919_1_696_sampling.prm,alpha_err,A1,5.477406955442731,0.001229154935363741,0.00022440453034850138,0.9919743508294318,True,True
m40,919_1_696,919_1_696_sampling.prm,log_q_err,A1,12.106488662713176,0.013521267293489504,0.0011168611866076172,0.9844543101384331,True,True
m40,919_1_696,919_1_696_sampling.prm,log_rho_err,A1,3.724369125111661,0.000628891552140135,0.00016885854516938625,1.000531781928078,True,True
m40,919_1_696,919_1_696_sampling.prm,log_s_err,A1,9.690327665258655,0.0017462358196714029,0.0001802040013499164,0.988375317241193,True,True
m40,919_1_696,919_1_696_sampling.prm,log_tE_err,A1,2.876571068660491,0.00035164579604478823,0.00012224477951401224,0.9979375760032573,True,True
m40,919_1_696,919_1_696_sampling.prm,piEE_err,C,886.1687931822269,0.4033407168193812,0.0004551511178485389,1.0038199354360677,True,False
m40,919_1_696,919_1_696_sampling.prm,piEN_err,A1,354.60525682510354,0.15455266847228294,0.0004358442676683458,1.001965150783846,True,True
m40,919_1_696,919_1_696_sampling.prm,t0_err,A1,2.20094935541808,3.8704663232733674e-09,1.7585440181735378e-09,1.0113110175228794,True,True
m40,919_1_696,919_1_696_sampling.prm,u0_err,A1,123.09952011045608,0.0005995010528938543,4.870051908861443e-06,0.9980827632923832,True,True
